Job Title,Company,Location,Salary,Job_link,Company Link
Business Development Director,AdMazad,Cairo Governorate,$25k – $30k • 1.0% – 2.0%,https://angel.co/company/admazad/jobs/708159-business-development-director,https://angel.co/company/admazad
CTO,CoKitchen,Nigeria • Lagos • Lagos,$23k – $30k • 3.0% – 5.0%,https://angel.co/company/cokitchen-1/jobs/731624-cto,https://angel.co/company/cokitchen-1
Admin Officer,seedstars.com,Dar es Salaam •,$1k – $5k,https://angel.co/company/seedstars-com-1/jobs/704895-admin-officer,https://angel.co/company/seedstars-com-1
Finance Officer,seedstars.com,Dar es Salaam •,$2k – $5k,https://angel.co/company/seedstars-com-1/jobs/705725-finance-officer,https://angel.co/company/seedstars-com-1
Partnerships Manager MENA,seedstars.com,Egypt • Tunisia • Morocco •,$3k – $15k,https://angel.co/company/seedstars-com-1/jobs/559463-partnerships-manager-mena,https://angel.co/company/seedstars-com-1
business development,Balancell,Cape Town •,$30k – $45k,https://angel.co/company/balancell-com/jobs/702467-business-development,https://angel.co/company/balancell-com
UI Designer,Kalido,London • Johannesburg,£45k – £50k • 0.0% – 0.1%,https://angel.co/company/kalido-2/jobs/702601-ui-designer,https://angel.co/company/kalido-2
Digital Marketer,HEADWAY,Lagos •,$70k – $80k,https://angel.co/company/headway-10/jobs/504808-digital-marketer,https://angel.co/company/headway-10
Digital Marketer,HEADWAY,Lagos Island •,$70k – $80k,https://angel.co/company/headway-10/jobs/504827-digital-marketer,https://angel.co/company/headway-10
"Partnerships Manager, Southern Africa|Cape Town, South Africa|Full-Time",Dimagi,Cape Town •,$35k – $37k,https://angel.co/company/dimagi-6/jobs/714669-partnerships-manager-southern-africa-cape-town-south-africa-full-time,https://angel.co/company/dimagi-6
Product Manager,Framework Homeownership,Boston • Masindi •,$85k – $125k AngelList Est.,https://angel.co/company/framework-homeownership-2/jobs/727715-product-manager,https://angel.co/company/framework-homeownership-2
AI Scientist,Radivision,Egypt • Cairo • Maadi •,$15k – $20k,https://angel.co/company/radivision/jobs/704169-ai-scientist,https://angel.co/company/radivision
Technical Entrepreneuer & Startup CEO,Radivision,Egypt • Cairo Governorate • Maadi •,$25k – $30k,https://angel.co/company/radivision/jobs/704192-technical-entrepreneuer-startup-ceo,https://angel.co/company/radivision
Full-Stack Engineer for Cairo Team (Maadi),Radivision,Egypt • Cairo Governorate • Al Maadi •,$12k – $16k,https://angel.co/company/radivision/jobs/702901-full-stack-engineer-for-cairo-team-maadi,https://angel.co/company/radivision
AI Software Engineer - Machine Learning (Maadi),Radivision,Egypt • Cairo Governorate • Maadi •,$15k – $20k,https://angel.co/company/radivision/jobs/702937-ai-software-engineer-machine-learning-maadi,https://angel.co/company/radivision
AI Scientist - Natural Language Processing Focus,Radivision,Egypt • Cairo Governorate • Maadi •,$15k – $20k,https://angel.co/company/radivision/jobs/702941-ai-scientist-natural-language-processing-focus,https://angel.co/company/radivision
"Sebokeng hospital needs nurses,admin and general workers call Mr Molefe on 0637605001",Sebokeng hospital,Vanderbijlpar,$9k – $37k • 10.0% – 25.0%,https://angel.co/company/sebokeng-hospital/jobs/583960-sebokeng-hospital-needs-nurses-admin-and-general-workers-call-mr-molefe-on-0637605001,https://angel.co/company/sebokeng-hospital
Principal Consultant,Daybreak Marketing Resource,Abuja,$10k – $50k • 10.0% – 12.0%,https://angel.co/company/daybreak-marketing-resource/jobs/571271-principal-consultant,https://angel.co/company/daybreak-marketing-resource
Co-Founder,Pangolo.com,Lagos • Ibadan,No salary • 5.0% – 15.0%,https://angel.co/company/pangolo/jobs/704940-co-founder,https://angel.co/company/pangolo
Chief Technology Officer,Work Life,Lagos •,$70k – $100k,https://angel.co/company/work-life-3/jobs/713614-chief-technology-officer,https://angel.co/company/work-life-3
Sales/ Growth Hacking - South Africa,Bookkeeping eSolutions,South Africa,₹1.2L – ₹6L • 1.0% – 10.0%,https://angel.co/company/bookkeeping-esolutions/jobs/706039-sales-growth-hacking-south-africa,https://angel.co/company/bookkeeping-esolutions
Head of Sales Growth,RxAll,Ibadan •,$1k – $3k,https://angel.co/company/rxall/jobs/730984-head-of-sales-growth,https://angel.co/company/rxall
Digital Marketing Manager,RxAll,Ibadan •,$1k – $3k,https://angel.co/company/rxall/jobs/697203-digital-marketing-manager,https://angel.co/company/rxall
"Grant Writer/Pitcher: Fundraising- Grants, Prizes, Competitions",RxAll,Ibadan •,$1k – $3k,https://angel.co/company/rxall/jobs/700504-grant-writer-pitcher-fundraising-grants-prizes-competitions,https://angel.co/company/rxall
Frontend Software Engineer,Hava,Nairobi •,$1k – $2k,https://angel.co/company/hava-cabs/jobs/724436-frontend-software-engineer,https://angel.co/company/hava-cabs
Senior Back End  Software  Engineer,Hava,Nairobi •,$1k – $2k,https://angel.co/company/hava-cabs/jobs/524386-senior-back-end-software-engineer,https://angel.co/company/hava-cabs
Senior Android Software Engineer,Hava,Nairobi •,$1k – $2k,https://angel.co/company/hava-cabs/jobs/524392-senior-android-software-engineer,https://angel.co/company/hava-cabs
IOS Software engineer,Hava,Nairobi •,$1k – $2k,https://angel.co/company/hava-cabs/jobs/648595-ios-software-engineer,https://angel.co/company/hava-cabs
Legal and Compliance Officer,PayU,,,https://angel.co/company/payu-2/jobs/728826-legal-and-compliance-officer,https://angel.co/company/payu-2
Incubator Fellow with Meltwater Entrepreneurial School of Technology,EWB Canada,Ghana,$20k – $30k • 1.0% – 2.0%,https://angel.co/company/ewbcanada/jobs/322153-incubator-fellow-with-meltwater-entrepreneurial-school-of-technology,https://angel.co/company/ewbcanada
Android Developer,EWB Canada,Kenya,$20k – $30k • 1.0% – 2.0%,https://angel.co/company/ewbcanada/jobs/385831-android-developer,https://angel.co/company/ewbcanada
Junior Mobile Developer with Numida,EWB Canada,Uganda,$20k – $30k • 1.0% – 2.0%,https://angel.co/company/ewbcanada/jobs/322120-junior-mobile-developer-with-numida,https://angel.co/company/ewbcanada
Product Manager with Numida,EWB Canada,Uganda,$20k – $30k • 1.0% – 2.0%,https://angel.co/company/ewbcanada/jobs/322124-product-manager-with-numida,https://angel.co/company/ewbcanada
Data Scientist with Numida,EWB Canada,Uganda,$20k – $30k • 1.0% – 2.0%,https://angel.co/company/ewbcanada/jobs/322134-data-scientist-with-numida,https://angel.co/company/ewbcanada
Radiology and Imaging Technology Lecturer,St Paul's Hospital Millennium Medical College (SPHMMC),Addis Ababa •,$2k – $2k,https://angel.co/company/st-paul-s-hospital-millennium-medical-college-sphmmc/jobs/506496-radiology-and-imaging-technology-lecturer,https://angel.co/company/st-paul-s-hospital-millennium-medical-college-sphmmc
Senior Software Engineer,Ona,Nairobi,$24k – $42k • 0.0% – 0.5%,https://angel.co/company/onaio/jobs/418226-senior-software-engineer,https://angel.co/company/onaio
Talent Acquisition Senior Manager,Vezeeta,Cairo •,$12k – $20k,https://angel.co/company/vezeeta/jobs/493140-talent-acquisition-senior-manager,https://angel.co/company/vezeeta
Senior Java Developer,SourceFuse ,Johannesburg •,₹7L – ₹13L,https://angel.co/company/sourcefuse/jobs/645173-senior-java-developer,https://angel.co/company/sourcefuse
Senior Software Engineer Technical Lead,Yoco,Cape Town,$45k – $85k • 0.04% – 0.1%,https://angel.co/company/yoco/jobs/394393-senior-software-engineer-technical-lead,https://angel.co/company/yoco
Full-Stack Senior Software Engineer,Yoco,Cape Town,$55k – $75k • 0.04% – 0.1%,https://angel.co/company/yoco/jobs/394396-full-stack-senior-software-engineer,https://angel.co/company/yoco
Full-stack Software Engineer,Root,Cape Town,$27k – $65k • 0.1% – 2.0%,https://angel.co/company/rootwealth/jobs/661854-full-stack-software-engineer,https://angel.co/company/rootwealth
Senior Software Engineer,Root,Cape Town,$60k – $120k • 0.1% – 3.5%,https://angel.co/company/rootwealth/jobs/661876-senior-software-engineer,https://angel.co/company/rootwealth
Mobile data analytics and Growth manager,Lifti,Johannesburg •,$20k – $25k,https://angel.co/company/lifti-1/jobs/520066-mobile-data-analytics-and-growth-manager,https://angel.co/company/lifti-1
Headend Engineer - Satellite - DTH / DTT,Agape Associates,Dar es Salaam •,$12k – $30k,https://angel.co/company/agape-associates/jobs/631411-headend-engineer-satellite-dth-dtt,https://angel.co/company/agape-associates
Agricultural managers,Globegate West Africa,Nigeria,$50k – $100k • 0.0% – 1.5%,https://angel.co/company/globegate-west-africa-1/jobs/584305-agricultural-managers,https://angel.co/company/globegate-west-africa-1
Nutritionist,Globegate West Africa,Nigeria,$50k – $80k • 0.5% – 1.5%,https://angel.co/company/globegate-west-africa-1/jobs/584321-nutritionist,https://angel.co/company/globegate-west-africa-1
Commercial Operations Associate,SparkMeter,Nairobi •,$55k – $75k,https://angel.co/company/sparkmeter-1/jobs/498537-commercial-operations-associate,https://angel.co/company/sparkmeter-1
Business Development Officer,DreamLabs,Federal Capital Territory • Abuja •,$5k – $10k,https://angel.co/company/dreamlabs-1/jobs/449649-business-development-officer,https://angel.co/company/dreamlabs-1
Senior Software engineer,DreamLabs,Federal Capital Territory • Abuja •,$5k – $10k,https://angel.co/company/dreamlabs-1/jobs/449650-senior-software-engineer,https://angel.co/company/dreamlabs-1
TECHNOLOGY LEAD,MKOBO,Lagos • Lagos Mainland • Lagos •,$10k – $15k,https://angel.co/company/mkobo-1/jobs/677119-technology-lead,https://angel.co/company/mkobo-1
PRODUCT MANAGER,MKOBO,Lagos • Yaba •,$9k – $10k,https://angel.co/company/mkobo-1/jobs/683615-product-manager,https://angel.co/company/mkobo-1
BACKEND DEVELOPER,MKOBO,Lagos • Lagos Mainland • Yaba •,$6k – $8k,https://angel.co/company/mkobo-1/jobs/701885-backend-developer,https://angel.co/company/mkobo-1
Head of Business Development,Emploi,Kenya,$12k – $18k • 0.1% – 1.0%,https://angel.co/company/emploi-3/jobs/690374-head-of-business-development,https://angel.co/company/emploi-3
Senior UI/UX Designer,Antara,Nairobi,$20k – $40k • 0.25% – 1.0%,https://angel.co/company/antara-health/jobs/698524-senior-ui-ux-designer,https://angel.co/company/antara-health
Business Development Manager,SOL Wallet,Cape Town •,$25k – $65k,https://angel.co/company/sol-wallet/jobs/714657-business-development-manager,https://angel.co/company/sol-wallet
Psychologist - Advisor Business Strategy / Performance Coach & Counseling - Remote/Online,Amondial Capital,Singapore •,No salary,https://angel.co/company/amondialcapital/jobs/700479-psychologist-advisor-business-strategy-performance-coach-counseling-remote-online,https://angel.co/company/amondialcapital
User Interface Designer - Finance Customer Web Dashboard - Remote/Online,Amondial Capital,Singapore •,No salary,https://angel.co/company/amondialcapital/jobs/702285-user-interface-designer-finance-customer-web-dashboard-remote-online,https://angel.co/company/amondialcapital
CTO,Outpace,Cairo Governorate,$1k – $2k • 1.0% – 10.0%,https://angel.co/company/outpace/jobs/514221-cto,https://angel.co/company/outpace
"Hardware Desingner, Electrical engineers.",KEV-BEE-MA,Kenya,$1k – $5k • 2.0% – 8.0%,https://angel.co/company/kev-bee-ma/jobs/591235-hardware-desingner-electrical-engineers,https://angel.co/company/kev-bee-ma
Chief Technology Officer,ClockWork App,Cape Town • Johannesburg,$10k – $15k • 15.0% – 20.0%,https://angel.co/company/clockwork-app/jobs/600226-chief-technology-officer,https://angel.co/company/clockwork-app
Technical Product Manager,Koya Africa,Lagos,$10k – $12k • 5.0% – 20.0%,https://angel.co/company/koya-africa/jobs/614565-technical-product-manager,https://angel.co/company/koya-africa
Automotive Business Intelligence Associate,RECOURS FOUR KENYA CONSULTANTS,Nairobi,$30k – $100k • 40.0% – 50.0%,https://angel.co/company/recours-four-kenya-consultants-1/jobs/612059-automotive-business-intelligence-associate,https://angel.co/company/recours-four-kenya-consultants-1
IT Technical Support Engineer,RECOURS FOUR KENYA CONSULTANTS,Nairobi •,$1k – $3k,https://angel.co/company/recours-four-kenya-consultants-1/jobs/586510-it-technical-support-engineer,https://angel.co/company/recours-four-kenya-consultants-1
Civil Engineer,RECOURS FOUR KENYA CONSULTANTS,Nairobi •,$1k – $3k,https://angel.co/company/recours-four-kenya-consultants-1/jobs/588616-civil-engineer,https://angel.co/company/recours-four-kenya-consultants-1
Customer Technical Services Officer,RECOURS FOUR KENYA CONSULTANTS,Nairobi •,$2k – $3k,https://angel.co/company/recours-four-kenya-consultants-1/jobs/587094-customer-technical-services-officer,https://angel.co/company/recours-four-kenya-consultants-1
Technical Services Representatives,RECOURS FOUR KENYA CONSULTANTS,Nairobi •,$1k – $2k,https://angel.co/company/recours-four-kenya-consultants-1/jobs/587098-technical-services-representatives,https://angel.co/company/recours-four-kenya-consultants-1
Founding Partner,Privilege Fund,irobi,No salary • 0.0% – 5.0%,https://angel.co/company/privilege-fund/jobs/702456-founding-partner,https://angel.co/company/privilege-fund
Director of Partnerships for Agriculture,Arifu,Nairobi,$48k – $72k • 0.0% – 0.5%,https://angel.co/company/arifu-kenya/jobs/398714-director-of-partnerships-for-agriculture,https://angel.co/company/arifu-kenya
Learning Designer,Arifu,Nairobi,$15k – $18k • 0.0% – 0.5%,https://angel.co/company/arifu-kenya/jobs/606463-learning-designer,https://angel.co/company/arifu-kenya
Learning Design Manager,Arifu,Nairobi,$0k – $24k • 0.0% – 1.0%,https://angel.co/company/arifu-kenya/jobs/502339-learning-design-manager,https://angel.co/company/arifu-kenya
ICT Assistant,GRAND MAGNET RESOURCE,Lagos,$1k – $2k • 5.0% – 10.0%,https://angel.co/company/grand-magnet-resource/jobs/622247-ict-assistant,https://angel.co/company/grand-magnet-resource
Assistant Human Resource Officer,GRAND MAGNET RESOURCE,Lagos,$2k – $3k • 10.0% – 25.0%,https://angel.co/company/grand-magnet-resource/jobs/622248-assistant-human-resource-officer,https://angel.co/company/grand-magnet-resource
Business Developer,GRAND MAGNET RESOURCE,Lagos,$2k – $5k • 10.0% – 25.0%,https://angel.co/company/grand-magnet-resource/jobs/622246-business-developer,https://angel.co/company/grand-magnet-resource
Front End Developer,Giraffe,Johannesburg •,$30k – $100k,https://angel.co/company/giraffe-1/jobs/391650-front-end-developer,https://angel.co/company/giraffe-1
Full stack developer wanted to join SA’s hottest startup,Giraffe,Johannesburg,$20k – $50k • 0.0% – 5.0%,https://angel.co/company/giraffe-1/jobs/608843-full-stack-developer-wanted-to-join-sa-s-hottest-startup,https://angel.co/company/giraffe-1
Marketing & Communications Strategist,GETJAMA,Lagos •,$5k – $10k,https://angel.co/company/getjama/jobs/423986-marketing-communications-strategist,https://angel.co/company/getjama
Sales Lead,GETJAMA,Lagos • Lagos Island •,$1k – $2k,https://angel.co/company/getjama/jobs/402789-sales-lead,https://angel.co/company/getjama
Software Engineer,BuyPower,Abuja,$10k – $50k • 0.1% – 1.0%,https://angel.co/company/buypower/jobs/260997-software-engineer,https://angel.co/company/buypower
Product Manager,BuyPower,Lagos • Abuja •,$10k – $50k,https://angel.co/company/buypower/jobs/638116-product-manager,https://angel.co/company/buypower
Research Lead,The Busara Center,,,https://angel.co/company/the-busara-center/jobs/701778-research-lead,https://angel.co/company/the-busara-center
Engagement Director,The Busara Center,,,https://angel.co/company/the-busara-center/jobs/674378-engagement-director,https://angel.co/company/the-busara-center
Senior Backend Developer,The Busara Center,,,https://angel.co/company/the-busara-center/jobs/674379-senior-backend-developer,https://angel.co/company/the-busara-center
Senior Frontend Developer,The Busara Center,,,https://angel.co/company/the-busara-center/jobs/674380-senior-frontend-developer,https://angel.co/company/the-busara-center
Business Operations Analyst - Cape Town,Feastfox,Cape Town,$9k – $12k • 0.01% – 0.05%,https://angel.co/company/feastfox/jobs/684968-business-operations-analyst-cape-town,https://angel.co/company/feastfox
Strategy Associate - Cape Town,Feastfox,Cape Town,$17k – $33k • 0.05% – 0.2%,https://angel.co/company/feastfox/jobs/696416-strategy-associate-cape-town,https://angel.co/company/feastfox
"PHP, Laravel and Web Developer",Lots ,Nairobi,$20k – $30k • 2.0% – 5.0%,https://angel.co/company/lots-4/jobs/688587-php-laravel-and-web-developer,https://angel.co/company/lots-4
Android Software Engineer,Lots ,Nairobi,$20k – $30k • 2.0% – 5.0%,https://angel.co/company/lots-4/jobs/688586-android-software-engineer,https://angel.co/company/lots-4
Teacher Support Leader - Mbarara,Educate!,,,https://angel.co/company/educate-6/jobs/716553-teacher-support-leader-mbarara,https://angel.co/company/educate-6
Graphics designer,Happy Wishy,Nairobi •,$7k – $8k,https://angel.co/company/happy-wishy/jobs/585705-graphics-designer,https://angel.co/company/happy-wishy
Senior Software engineer,Inclusivity Solutions,Cape Town •,$40k – $60k,https://angel.co/company/inclusivity-solutions/jobs/489103-senior-software-engineer,https://angel.co/company/inclusivity-solutions
"Business Development Manager, Nigeria",Bloom Impact,Lagos,$12k – $17k • 0.5% – 1.0%,https://angel.co/company/bloomimpact/jobs/188502-business-development-manager-nigeria,https://angel.co/company/bloomimpact
"Business Development Manager, Ghana",Bloom Impact,Boston • Accra •,$10k – $14k,https://angel.co/company/bloomimpact/jobs/638107-business-development-manager-ghana,https://angel.co/company/bloomimpact
VP Finance,She Leads Africa,Lagos •,$20k – $22k,https://angel.co/company/she-leads-africa-2/jobs/622633-vp-finance,https://angel.co/company/she-leads-africa-2
Team Supervisor,Globegate West Africa,Lagos,$50k – $78k • 0.0% – 0.15%,https://angel.co/company/globegate-west-africa/jobs/582791-team-supervisor,https://angel.co/company/globegate-west-africa
Head of Genetics,ELXR,Singapore,$24k – $36k • 0.5% – 1.0%,https://angel.co/company/elxr-1/jobs/386582-head-of-genetics,https://angel.co/company/elxr-1
Product Marketing Manager,Maple Media,os Angeles • Century City •,$65k – $95k AngelList Est.,https://angel.co/company/maplemedia/jobs/573467-product-marketing-manager,https://angel.co/company/maplemedia
Sales Manager - B2B,Vapulus,Giza •,$10k – $11k,https://angel.co/company/vapulus/jobs/682563-sales-manager-b2b,https://angel.co/company/vapulus
Summer Intern - Autonomous Vehicle Simulation,Azevtec,Golden • Ado •,No salary,https://angel.co/company/azevtec/jobs/711053-summer-intern-autonomous-vehicle-simulation,https://angel.co/company/azevtec
Summer Intern - Software Engineering,Azevtec,Golden • Ado •,No salary,https://angel.co/company/azevtec/jobs/699298-summer-intern-software-engineering,https://angel.co/company/azevtec
Summer Intern - Systems Engineering,Azevtec,Golden • Ado •,No salary,https://angel.co/company/azevtec/jobs/699299-summer-intern-systems-engineering,https://angel.co/company/azevtec
Marketing Executive,indian dental academy,Kenya •,$200k – $250k,https://angel.co/company/indian-dental-academy/jobs/630686-marketing-executive,https://angel.co/company/indian-dental-academy
"drivers code10,14(0661500470)",JOEL GOLD MINE,Free State,$12k – $13k • 2.5% – 5.0%,https://angel.co/company/joel-gold-mine-1/jobs/656458-drivers-code10-14-0661500470,https://angel.co/company/joel-gold-mine-1
CTO,Find me Football,Cairo Governorate,$2k – $5k • 5.0% – 20.0%,https://angel.co/company/find-me-footbball/jobs/422219-cto,https://angel.co/company/find-me-footbball
Sales Manager,Utility SubMetering Systems,Nairobi •,$12k – $30k,https://angel.co/company/utility-submetering-systems/jobs/530718-sales-manager,https://angel.co/company/utility-submetering-systems
Sales & Accounts Coordinator,BLACK PURIST MEDIA,Abuja,£2k – £4k • 1.0% – 3.0%,https://angel.co/company/black-purist-media-1/jobs/413711-sales-accounts-coordinator,https://angel.co/company/black-purist-media-1
CTO,ECARE,Kaduna,$2k – $3k • 5.0% – 6.5%,https://angel.co/company/ecare-1/jobs/472006-cto,https://angel.co/company/ecare-1
Tech Director,Rabbit,Cairo Governorate • Cairo,$1k – $1k • 3.0% – 5.0%,https://angel.co/company/rabbit-7/jobs/660644-tech-director,https://angel.co/company/rabbit-7
Senior PHP Laravel Developer,Community of Babel,Cairo Governorate,$1k – $2k • 5.0% – 7.0%,https://angel.co/company/community-of-babel-1/jobs/596788-senior-php-laravel-developer,https://angel.co/company/community-of-babel-1
Administration clerk,Lace Diamond Mine,Pretoria • Free State • Germiston •,$1k – $2k,https://angel.co/company/lace-diamond-mine/jobs/606033-administration-clerk,https://angel.co/company/lace-diamond-mine
Lead Software Engineer,Insegna,Abuj,No salary • 8.0% – 10.0%,https://angel.co/company/insegna-1/jobs/591167-lead-software-engineer,https://angel.co/company/insegna-1
Blogger,Hoodtrends,Lagos • Enugu •,$1k – $1k,https://angel.co/company/hoodtrends/jobs/446522-blogger,https://angel.co/company/hoodtrends
Partner - Co-founder,Furniture Business,Egypt,$1k – $10k • 5.0% – 30.0%,https://angel.co/company/furniture-business/jobs/346771-partner-co-founder,https://angel.co/company/furniture-business
Freelance consultants,Aniera Homes,Lagos •,$2k – $3k,https://angel.co/company/aniera-homes/jobs/510882-freelance-consultants,https://angel.co/company/aniera-homes
Business Operations Manager,WellPower,Kenya,$5k – $15k • 0.0% – 5.0%,https://angel.co/company/wellpower/jobs/577608-business-operations-manager,https://angel.co/company/wellpower
Software Tester,OZÉ,Accra,$6k – $12k • 0.25% – 0.5%,https://angel.co/company/oze-1/jobs/394311-software-tester,https://angel.co/company/oze-1
Investment Manager,COSEF,Kampala,$4k – $20k • 0.0% – 2.0%,https://angel.co/company/cosef-4/jobs/406116-investment-manager,https://angel.co/company/cosef-4
Call Center Support,C3 Connect,McGregor •,$22k – $25k,https://angel.co/company/c3-connect-1/jobs/622140-call-center-support,https://angel.co/company/c3-connect-1
Mobile and web developer,Zestar,igeria • Ibadan,No salary • 3.0% – 6.0%,https://angel.co/company/zestar/jobs/426821-mobile-and-web-developer,https://angel.co/company/zestar
CTO - Software Engineer and app developer,WeTrain,Nairobi • Remote,$25k – $30k • 0.0% – 4.0%,https://angel.co/company/wetrain-2/jobs/624210-cto-software-engineer-and-app-developer,https://angel.co/company/wetrain-2
Full Stack Engineer for Mobile App,Vids,Los Angeles • San Francisco • Century City,$75k – $150k • 1.0% – 10.0%,https://angel.co/company/vids/jobs/537810-full-stack-engineer-for-mobile-app,https://angel.co/company/vids
Software Developer,Corporate Headhunters,Lagos •,$9k – $11k,https://angel.co/company/corporate-headhunters/jobs/651882-software-developer,https://angel.co/company/corporate-headhunters
Part time jobs for students,alpha inc company,Nairobi •,$10k – $20k,https://angel.co/company/alpha-inc-company/jobs/412313-part-time-jobs-for-students,https://angel.co/company/alpha-inc-company
Senior C#.NET Software Engineer,OrderIn,Cape Town •,$55k – $75k,https://angel.co/company/orderin-co-za/jobs/189880-senior-c-net-software-engineer,https://angel.co/company/orderin-co-za
Regional Director,Grade,Cape Town • Nairobi • Grand Casablanca •,$35k – $45k,https://angel.co/company/getgrade/jobs/661508-regional-director,https://angel.co/company/getgrade
UI/UX Designer,hellohr,Cape Town,$12k – $25k • 0.0% – 1.0%,https://angel.co/company/hellohr-1/jobs/675208-ui-ux-designer,https://angel.co/company/hellohr-1
UI/UX Design Intern,hellohr,Cape Town •,$4k – $6k,https://angel.co/company/hellohr-1/jobs/675210-ui-ux-design-intern,https://angel.co/company/hellohr-1
Webinar Sales Representative,ReturnOnSaas,South Africa • Philippines • Mexico City •,$7k – $10k,https://angel.co/company/returnonsaas/jobs/643215-webinar-sales-representative,https://angel.co/company/returnonsaas
Vice President Business Operations,Komaza,Kilifi,$80k – $110k • 5.0% – 10.0%,https://angel.co/company/komaza/jobs/462366-vice-president-business-operations,https://angel.co/company/komaza
Quality Assurance Analyst & Ambassador,Eversend,Uganda • Kenya • Tanzania •,$1k – $2k,https://angel.co/company/eversend/jobs/584425-quality-assurance-analyst-ambassador,https://angel.co/company/eversend
Customer Support Specialist,Eversend,Kampala •,$3k – $5k,https://angel.co/company/eversend/jobs/669767-customer-support-specialist,https://angel.co/company/eversend
"Product Manager, Optimization",OmniPA,Cape Town •,€10k – €12k,https://angel.co/company/omnipa/jobs/643120-product-manager-optimization,https://angel.co/company/omnipa
Growth Hacker,CoGrammar,London • Cape Town,£24k – £40k • 0.1% – 3.0%,https://angel.co/company/cogrammar/jobs/199786-growth-hacker,https://angel.co/company/cogrammar
Programming Lecturer (CPT/JHB),CoGrammar,Cape Town • Johannesburg •,$15k – $45k,https://angel.co/company/cogrammar/jobs/545844-programming-lecturer-cpt-jhb,https://angel.co/company/cogrammar
Growth Manager,CoGrammar,Cape Town •,$20k – $25k,https://angel.co/company/cogrammar/jobs/699190-growth-manager,https://angel.co/company/cogrammar
Marketing Associate,CoGrammar,Cape Town •,$10k – $12k,https://angel.co/company/cogrammar/jobs/699191-marketing-associate,https://angel.co/company/cogrammar
Technical Product Manager,CoGrammar,,,https://angel.co/company/cogrammar/jobs/718313-technical-product-manager,https://angel.co/company/cogrammar
Software Developer,Veegil Media,Ota • Ota • Lagos,$3k – $4k • No equity,https://angel.co/company/veegil-media/jobs/720237-software-developer,https://angel.co/company/veegil-media
Intern & Trainee,Bueths & Kurt CDA,Nairobi • Kilifi •,$5k – $10k,https://angel.co/company/bkcda/jobs/677179-intern-trainee,https://angel.co/company/bkcda
Consultant - Finance & Accounting,Bueths & Kurt CDA,Nairobi • Kilifi •,$5k – $10k,https://angel.co/company/bkcda/jobs/677192-consultant-finance-accounting,https://angel.co/company/bkcda
Consultant - Auditing & Assurance,Bueths & Kurt CDA,Nairobi • Meru • Kilifi •,$5k – $10k,https://angel.co/company/bkcda/jobs/677194-consultant-auditing-assurance,https://angel.co/company/bkcda
Staff Trainer,Bueths & Kurt CDA,Kilifi •,$5k – $10k,https://angel.co/company/bkcda/jobs/677195-staff-trainer,https://angel.co/company/bkcda
Consultant - Cyber Security & Ethical Hacking,Bueths & Kurt CDA,Nairobi • Meru • Kilifi •,$5k – $10k,https://angel.co/company/bkcda/jobs/677187-consultant-cyber-security-ethical-hacking,https://angel.co/company/bkcda
Co-Founder // Head of Business Development,Social Coders Academy,Cape Town,No salary • 33.0% – 33.0%,https://angel.co/company/social-coders-academy/jobs/471698-co-founder-head-of-business-development,https://angel.co/company/social-coders-academy
Co-Founder // Head of Education,Social Coders Academy,Cape Town,No salary • 33.0% – 33.0%,https://angel.co/company/social-coders-academy/jobs/471649-co-founder-head-of-education,https://angel.co/company/social-coders-academy
Full-stack developer (part-time),RECONO.ME,London • East London • London •,£20k – £40k,https://angel.co/company/recono-me/jobs/405531-full-stack-developer-part-time,https://angel.co/company/recono-me
Hardware Start-Up Master Technician (Level 3 or above),RECONO.ME,East London,£30k – £40k • 0.0% – 1.0%,https://angel.co/company/recono-me/jobs/576118-hardware-start-up-master-technician-level-3-or-above,https://angel.co/company/recono-me
Full Stack Developer,MonAfrique Lifestyle,Nigeria • Abuja •,$2k – $4k,https://angel.co/company/monafrique-1/jobs/625891-full-stack-developer,https://angel.co/company/monafrique-1
Graphic Designer,MonAfrique Lifestyle,Nigeria • Abuja •,$2k – $4k,https://angel.co/company/monafrique-1/jobs/643496-graphic-designer,https://angel.co/company/monafrique-1
Operations Specialist,MonAfrique Lifestyle,Nigeria • Abuja •,$4k – $6k,https://angel.co/company/monafrique-1/jobs/642339-operations-specialist,https://angel.co/company/monafrique-1
Recruiter & PR Specialist,MonAfrique Lifestyle,Abuja •,$15k – $20k,https://angel.co/company/monafrique-1/jobs/662929-recruiter-pr-specialist,https://angel.co/company/monafrique-1
Business Brokers,Teleios Consulting Services,Cape Town •,$12k – $80k,https://angel.co/company/teleios-consulting-services/jobs/435978-business-brokers,https://angel.co/company/teleios-consulting-services
Property broker,Teleios Consulting Services,Cape Town •,$12k – $80k,https://angel.co/company/teleios-consulting-services/jobs/435987-property-broker,https://angel.co/company/teleios-consulting-services
Business Developer,brandedNG,Port Harcourt,No salary • 7.0% – 15.0%,https://angel.co/company/brandedng/jobs/666739-business-developer,https://angel.co/company/brandedng
CMO,brandedNG,Port Harcourt,No salary • 5.0% – 15.0%,https://angel.co/company/brandedng/jobs/666755-cmo,https://angel.co/company/brandedng
Operations Manager,Medixus,Nairobi •,$9k – $10k,https://angel.co/company/medixus/jobs/688062-operations-manager,https://angel.co/company/medixus
Clinical Associate,Medixus,Nairobi •,$1k – $3k,https://angel.co/company/medixus/jobs/665255-clinical-associate,https://angel.co/company/medixus
Junior Software Engineer,Vemgoo,Cape Town • Berlin •,$1k – $3k,https://angel.co/company/vemgoo/jobs/440663-junior-software-engineer,https://angel.co/company/vemgoo
Senior Frontend Developer,Vemgoo,Cape Town,$20k – $50k • 0.0% – 6.0%,https://angel.co/company/vemgoo/jobs/490175-senior-frontend-developer,https://angel.co/company/vemgoo
Software Developer,Vemgoo,Cape Town •,€12k – €18k,https://angel.co/company/vemgoo/jobs/549251-software-developer,https://angel.co/company/vemgoo
Technical Lead/CTO/Co-Founder,Vemgoo,Cape Town • Berlin,$0k – $30k • 5.0% – 15.0%,https://angel.co/company/vemgoo/jobs/573869-technical-lead-cto-co-founder,https://angel.co/company/vemgoo
CTO (Fullstack developer),DealTamu,irobi • Nairobi Count,No salary • 10.0% – 10.0%,https://angel.co/company/dealtamu/jobs/376467-cto-fullstack-developer,https://angel.co/company/dealtamu
Back-end developer,ITAPS,Singapore •,$40k – $60k,https://angel.co/company/itaps-1/jobs/667251-back-end-developer,https://angel.co/company/itaps-1
Full stack developer,Imagine Insurance,Johannesburg,$20k – $80k • 0.0% – 5.0%,https://angel.co/company/imagine-insurance/jobs/630236-full-stack-developer,https://angel.co/company/imagine-insurance
Senior Frontend Engineer,Magalix,Cairo Governorate •,$11k – $18k,https://angel.co/company/magalix/jobs/547288-senior-frontend-engineer,https://angel.co/company/magalix
Cloud Infrastructure Engineer,Magalix,Cairo •,$15k – $25k,https://angel.co/company/magalix/jobs/564437-cloud-infrastructure-engineer,https://angel.co/company/magalix
Hiring Software Developers,Dalitso Consulting,South Africa •,$4k – $4k,https://angel.co/company/dalitso-consulting-1/jobs/438087-hiring-software-developers,https://angel.co/company/dalitso-consulting-1
Executive Assistant To CEO,Lupark DC,Lagos •,$1k – $2k,https://angel.co/company/lupark/jobs/576638-executive-assistant-to-ceo,https://angel.co/company/lupark
Back-end mobile developer,Fluxbie,Lag,No salary • 15.0% – 25.0%,https://angel.co/company/fluxbie/jobs/491228-back-end-mobile-developer,https://angel.co/company/fluxbie
CTO,FitBuddies,Cairo Governorate,No salary • 10.0% – 20.0%,https://angel.co/company/fitbuddies/jobs/521679-cto,https://angel.co/company/fitbuddies
Content Writer,Buy Quality PLR,Cape Town •,$1k – $2k,https://angel.co/company/buy-quality-plr/jobs/582185-content-writer,https://angel.co/company/buy-quality-plr
Content developer,fakaza,Durban •,$1k – $2k,https://angel.co/company/fakaza/jobs/610144-content-developer,https://angel.co/company/fakaza
Head of Software Product Management,M-KOPA,Kenya •,$1k – $2k,https://angel.co/company/m-kopa-1/jobs/586901-head-of-software-product-management,https://angel.co/company/m-kopa-1
Head of Marketing,Kodegenic,igeri,No salary • 10.0% – 15.0%,https://angel.co/company/cynocrypt/jobs/423520-head-of-marketing,https://angel.co/company/cynocrypt
Engineering Fellow at our Global Portfolio Ventures,Alter Global,South Africa • Philippines • Bangladesh •,$12k – $18k,https://angel.co/company/alter-global/jobs/666332-engineering-fellow-at-our-global-portfolio-ventures,https://angel.co/company/alter-global
Customer Service Intern,Cornerston Staffing,Lagos •,No salary,https://angel.co/company/cornerston-staffing-1/jobs/575029-customer-service-intern,https://angel.co/company/cornerston-staffing-1
Head of Exploration,United Nations Development Programme (UNDP) South Africa,Pretoria •,$52k – $65k,https://angel.co/company/united-nations-development-programme-undp-south-africa/jobs/506696-head-of-exploration,https://angel.co/company/united-nations-development-programme-undp-south-africa
Head of Solutions Mapping,United Nations Development Programme (UNDP) South Africa,Pretoria •,$52k – $65k,https://angel.co/company/united-nations-development-programme-undp-south-africa/jobs/506699-head-of-solutions-mapping,https://angel.co/company/united-nations-development-programme-undp-south-africa
Head of Experimentation,United Nations Development Programme (UNDP) South Africa,Pretoria •,$52k – $65k,https://angel.co/company/united-nations-development-programme-undp-south-africa/jobs/506703-head-of-experimentation,https://angel.co/company/united-nations-development-programme-undp-south-africa
Content Creator Needed,Latest Phone Zone,Nigeria • Uk • Usa •,$1k – $3k,https://angel.co/company/latest-phone-zone-1/jobs/626527-content-creator-needed,https://angel.co/company/latest-phone-zone-1
Software Engineer,Digi Pesa Technologies,Nairobi,$85k – $130k • 0.1% – 0.5%,https://angel.co/company/digi-pesa-technologies/jobs/453326-software-engineer,https://angel.co/company/digi-pesa-technologies
Mobile Engineer,Digi Pesa Technologies,Nairobi,$80k – $100k • 0.1% – 0.5%,https://angel.co/company/digi-pesa-technologies/jobs/453334-mobile-engineer,https://angel.co/company/digi-pesa-technologies
Ecommerce Manager,Sabi Collections,Lagos •,$5k – $10k,https://angel.co/company/sabi-collections/jobs/558023-ecommerce-manager,https://angel.co/company/sabi-collections
Customer Service Representative,Sabi Collections,Lagos •,$2k – $3k,https://angel.co/company/sabi-collections/jobs/558103-customer-service-representative,https://angel.co/company/sabi-collections
Inventory Manager,Sabi Collections,Lagos •,$3k – $4k,https://angel.co/company/sabi-collections/jobs/558104-inventory-manager,https://angel.co/company/sabi-collections
Social Media Manager,Sabi Collections,Lagos •,$3k – $4k,https://angel.co/company/sabi-collections/jobs/558106-social-media-manager,https://angel.co/company/sabi-collections
Sales Director,Havenlist,Cape Town,No salary • 2.0% – 5.0%,https://angel.co/company/havenlist/jobs/498151-sales-director,https://angel.co/company/havenlist
Software Developer,One Acre Fund,Uganda • Jinja •,$20k – $20k,https://angel.co/company/one-acre-fund-2/jobs/166251-software-developer,https://angel.co/company/one-acre-fund-2
SQL Server Database Administrator,One Acre Fund,Bungoma •,$20k – $20k,https://angel.co/company/one-acre-fund-2/jobs/548635-sql-server-database-administrator,https://angel.co/company/one-acre-fund-2
Sneaker authenticator and operational all-star,Ox Street,Singapore •,$2k – $4k,https://angel.co/company/early-stage-new-fashion-marketplace/jobs/550019-sneaker-authenticator-and-operational-all-star,https://angel.co/company/early-stage-new-fashion-marketplace
Ecosystem builder - AFRICA,Metamorph Network,irobi • Lagos • Cape Town,No salary • 1.0% – 3.0%,https://angel.co/company/metamorph-network/jobs/553337-ecosystem-builder-africa,https://angel.co/company/metamorph-network
Sales and Marketing Intern,Fudos Company,Cape Town • Johannesburg • Pretoria •,No salary,https://angel.co/company/fudos/jobs/526363-sales-and-marketing-intern,https://angel.co/company/fudos
Senior Webdeveloper,Jumba,Rotterdam • Bergen op Zoom • Antwerpen •,€45k – €75k,https://angel.co/company/jumba/jobs/97446-senior-webdeveloper,https://angel.co/company/jumba
Marketing & Awareness (Yoda),Hi5,Cape Town,$18k – $36k • 0.1% – 1.0%,https://angel.co/company/giveahi5/jobs/388035-marketing-awareness-yoda,https://angel.co/company/giveahi5
NALA - Uganda - Product Support Lead,NALA,Uganda • Kampala • Entebbe •,$3k – $15k,https://angel.co/company/nala-3/jobs/570938-nala-uganda-product-support-lead,https://angel.co/company/nala-3
Admin / Finance Rockstar,NALA,Dar es Salaam •,$10k – $20k,https://angel.co/company/nala-3/jobs/605952-admin-finance-rockstar,https://angel.co/company/nala-3
Support Manager,Luno,Cape Town •,$50k – $70k,https://angel.co/company/lunomoney/jobs/413028-support-manager,https://angel.co/company/lunomoney
Online Quran Teacher,Firdaws Academy,Egypt •,$1k – $2k,https://angel.co/company/firdaws-academy-1/jobs/680711-online-quran-teacher,https://angel.co/company/firdaws-academy-1
software engineer,Hegma,Lag,No salary • 50.0% – 50.0%,https://angel.co/company/hegma-1/jobs/691553-software-engineer,https://angel.co/company/hegma-1
Product Designer,Pariti ,Nairobi,$40k – $60k • 0.5% – 2.0%,https://angel.co/company/pariti-inc/jobs/680992-product-designer,https://angel.co/company/pariti-inc
Summer Fellow,Pariti ,Nairobi •,$2k – $2k,https://angel.co/company/pariti-inc/jobs/680995-summer-fellow,https://angel.co/company/pariti-inc
Compliance Supervisor,takealot.com,,,https://angel.co/company/takealot-com/jobs/725822-compliance-supervisor,https://angel.co/company/takealot-com
Franchise Compliance Supervisor - Johannesburg,takealot.com,,,https://angel.co/company/takealot-com/jobs/714154-franchise-compliance-supervisor-johannesburg,https://angel.co/company/takealot-com
Franchise Compliance Supervisor - Cape Town,takealot.com,,,https://angel.co/company/takealot-com/jobs/714918-franchise-compliance-supervisor-cape-town,https://angel.co/company/takealot-com
Operations Associate: Process Excellence - Mr D Food,takealot.com,,,https://angel.co/company/takealot-com/jobs/714919-operations-associate-process-excellence-mr-d-food,https://angel.co/company/takealot-com
Staff Trainer,WCAD Technology,Kilifi •,$5k – $10k,https://angel.co/company/wcad-technology/jobs/669329-staff-trainer,https://angel.co/company/wcad-technology
Software Engineer,WCAD Technology,irobi • Kilifi,No salary • 0.25% – 1.0%,https://angel.co/company/wcad-technology/jobs/669313-software-engineer,https://angel.co/company/wcad-technology
Network Engineer,WCAD Technology,irobi • Kilifi,No salary • 0.25% – 1.0%,https://angel.co/company/wcad-technology/jobs/669315-network-engineer,https://angel.co/company/wcad-technology
Quantitative Advisor,WCAD Technology,irobi • Kilifi,No salary • 0.25% – 1.0%,https://angel.co/company/wcad-technology/jobs/669318-quantitative-advisor,https://angel.co/company/wcad-technology
Intern Partnerships Developer,GirlLEAD,Benin City •,No salary,https://angel.co/company/girlleadproject/jobs/583933-intern-partnerships-developer,https://angel.co/company/girlleadproject
Public Relations Intern,Poblysh Media,Abuja •,No salary,https://angel.co/company/poblysh-media/jobs/638583-public-relations-intern,https://angel.co/company/poblysh-media
