Job,Job Link,Company,Company Link,Salary Range,Contract Type
Data Analyst,https://www.fuzu.com/jobs/data-analyst-tulaa,Tulaa ,https://www.fuzu.com/company/tulaa,Confidential,Permanent
UI /UX Designer,https://www.fuzu.com/jobs/ui-ux-designer-zeraki-learning,Zeraki Learning,https://www.fuzu.com/company/zeraki-learning,Confidential,Permanent
Mid to Senior Android Developer,https://www.fuzu.com/jobs/mid-to-senior-android-developer-ictlife,ICTLife,https://www.fuzu.com/company/ictlife,Confidential,Permanent
Technical Project Manager,https://www.fuzu.com/jobs/technical-project-manager-nft-consult,NFT Consult,https://www.fuzu.com/company/nft-consult,Confidential,Permanent
QSSK-LTK-HOF Head of Finance Operations,https://www.fuzu.com/jobs/qssk-ltk-hof-head-of-finance-operations-q-sourcing-limited,Q-sourcing Limited,https://www.fuzu.com/company/q-sourcing-limited,Confidential,Permanent
Senior Manager IT Applications & Asset Management,https://www.fuzu.com/jobs/senior-manager-it-applications-asset-management-kcb-group,KCB Group,https://www.fuzu.com/company/kcb-group,Confidential,Permanent
IT Asset Management Analyst,https://www.fuzu.com/jobs/it-asset-management-analyst-kcb-group,KCB Group,https://www.fuzu.com/company/kcb-group,Confidential,Permanent
Intern - Graphic Designer,https://www.fuzu.com/jobs/intern-graphic-designer-e254-group,E254 Group,https://www.fuzu.com/company/e254-group,Confidential,Permanent
Software Engineer,https://www.fuzu.com/jobs/software-engineer-safaricom-2c06f0dd,SAFARICOM,https://www.fuzu.com/company/safaricom,Confidential,Permanent
Database Administrator,https://www.fuzu.com/jobs/database-administrator-safaricom-18404349,SAFARICOM,https://www.fuzu.com/company/safaricom,Confidential,Permanent
"Startups Development Manager Internship in Nairobi, Kenya",https://www.fuzu.com/jobs/startups-development-manager-internship-in-nairobi-kenya-microsoft,Interns4Afrika,https://www.fuzu.com/company/microsoft,Confidential,Temporary
Software Engineer Position,https://www.fuzu.com/jobs/software-engineer-position-career-directions-ltd,Career Directions Ltd,https://www.fuzu.com/company/career-directions-ltd,Confidential,Permanent
Systems Administrator,https://www.fuzu.com/jobs/systems-administrator-central-depository-and-settlement-corporation-limited,Central Depository and Settlement Corporation Limited,https://www.fuzu.com/company/central-depository-and-settlement-corporation-limited,Confidential,Temporary
Systems Administrator,https://www.fuzu.com/jobs/systems-administrator-central-depository-and-settlement-corporation-limited-5d263572,Central Depository and Settlement Corporation Limited,https://www.fuzu.com/company/central-depository-and-settlement-corporation-limited,Confidential,Permanent
Integration Specialist,https://www.fuzu.com/jobs/integration-specialist-abc-bank,CBA Bank,https://www.fuzu.com/company/abc-bank,Confidential,Permanent
Application Developer,https://www.fuzu.com/jobs/application-developer-abc-bank,CBA Bank,https://www.fuzu.com/company/abc-bank,Confidential,Permanent
Onsite Merchandiser,https://www.fuzu.com/jobs/onsite-merchandiser-jumia-kenya,JUMIA KENYA,https://www.fuzu.com/company/jumia-kenya,Confidential,Permanent
Software Developer,https://www.fuzu.com/jobs/software-developer-kava-2fe0b20f,KAVA AFRICA,https://www.fuzu.com/company/kava,Confidential,Permanent
"Manager, ICT & Smart City Solutions",https://www.fuzu.com/jobs/manager-ict-smart-city-solutions-konza-technopolis-4d9f0fec,Konza Technopolis,https://www.fuzu.com/company/konza-technopolis,Confidential,Permanent
UK-Kenya Tech Hub Operations Manager,https://www.fuzu.com/jobs/uk-kenya-tech-hub-operations-manager-british-high-commission-nairobi,British High Commission Nairobi,https://www.fuzu.com/company/british-high-commission-nairobi,Confidential,Fixed term
Mid to Senior Android Developer,https://www.fuzu.com/jobs/mid-to-senior-android-developer-ictlife,ICTLife,https://www.fuzu.com/company/ictlife,Confidential,Permanent
Pharmaceutical Technologist,https://www.fuzu.com/jobs/pharmaceutical-technologist-base-pharmaceuticals,Base Pharmaceuticals,https://www.fuzu.com/company/base-pharmaceuticals,Confidential,Permanent
Internship,https://www.fuzu.com/jobs/internship-kkco-east-africa,KKCO East Africa ,https://www.fuzu.com/company/kkco-east-africa,Confidential,Temporary
"Director, Health Research and Development,",https://www.fuzu.com/jobs/director-health-research-and-development-hjf-medical-research-international-inc,HJF Medical Research International Inc.,https://www.fuzu.com/company/hjf-medical-research-international-inc,Confidential,Permanent
Clinical Operations Lead,https://www.fuzu.com/jobs/clinical-operations-lead-aga-khan-university,Aga Khan University,https://www.fuzu.com/company/aga-khan-university,Confidential,Permanent
Software Sales Executive,https://www.fuzu.com/jobs/software-sales-executive-summit-recruitment-search,Summit Recruitment & Search,https://www.fuzu.com/company/summit-recruitment-search,Confidential,Permanent
Area Manager - Marakwet East & West,https://www.fuzu.com/jobs/area-manager-marakwet-east-west-tulaa,Tulaa ,https://www.fuzu.com/company/tulaa,Confidential,Permanent
Area Manager - Kuresoi North & South,https://www.fuzu.com/jobs/area-manager-kuresoi-north-south-tulaa,Tulaa ,https://www.fuzu.com/company/tulaa,Confidential,Permanent
Area Manager - Njoro,https://www.fuzu.com/jobs/area-manager-njoro-tulaa,Tulaa ,https://www.fuzu.com/company/tulaa,Confidential,Permanent
Area Manager - Keiyo South,https://www.fuzu.com/jobs/area-manager-keiyo-south-tulaa,Tulaa ,https://www.fuzu.com/company/tulaa,Confidential,Permanent
Area Manager - Kinangop,https://www.fuzu.com/jobs/area-manager-kinangop-tulaa,Tulaa ,https://www.fuzu.com/company/tulaa,Confidential,Permanent
Area Manager - Ol Kalou,https://www.fuzu.com/jobs/area-manager-ol-kalou-tulaa,Tulaa ,https://www.fuzu.com/company/tulaa,Confidential,Permanent
Area Manager - Molo,https://www.fuzu.com/jobs/area-manager-molo-tulaa,Tulaa ,https://www.fuzu.com/company/tulaa,Confidential,Permanent
Area Manager - Narok North,https://www.fuzu.com/jobs/area-manager-narok-north-tulaa,Tulaa ,https://www.fuzu.com/company/tulaa,Confidential,Permanent
Drivers - GRADE A.3,https://www.fuzu.com/jobs/drivers-grade-a-3-kenya-utalii-college-kuc,Kenya Utalii College (KUC),https://www.fuzu.com/company/kenya-utalii-college-kuc,Confidential,Permanent
Area Manager - Central Imenti,https://www.fuzu.com/jobs/area-manager-central-imenti-tulaa,Tulaa ,https://www.fuzu.com/company/tulaa,Confidential,Permanent
Area Manager - Ol Jorok,https://www.fuzu.com/jobs/area-manager-ol-jorok-tulaa,Tulaa ,https://www.fuzu.com/company/tulaa,Confidential,Permanent
Area Manager - Buuri,https://www.fuzu.com/jobs/area-manager-buuri-tulaa,Tulaa ,https://www.fuzu.com/company/tulaa,Confidential,Permanent
Intern,https://www.fuzu.com/jobs/intern-salama-fikira,Salama Fikira,https://www.fuzu.com/company/salama-fikira,Confidential,Temporary
Freelance Business Solutions Executives -Digital,https://www.fuzu.com/jobs/freelance-business-solutions-executives-digital-nation-media-group,Nation Media Group,https://www.fuzu.com/company/nation-media-group,Confidential,Permanent
Executive Officer,https://www.fuzu.com/jobs/executive-officer-aga-khan-university-c1b01741,Aga Khan University,https://www.fuzu.com/company/aga-khan-university,Confidential,Permanent
Deputy Security Manager,https://www.fuzu.com/jobs/deputy-security-manager-mpala-research-center,Mpala Research Center,https://www.fuzu.com/company/mpala-research-center,Confidential,Permanent
Graduate Trainee,https://www.fuzu.com/jobs/graduate-trainee-twiga-foods-b2911b45,Twiga Foods,https://www.fuzu.com/company/twiga-foods,Confidential,Temporary
NCA Anti Corruption Programme Manager,https://www.fuzu.com/jobs/nca-anti-corruption-programme-manager-british-high-commission-nairobi,British High Commission Nairobi,https://www.fuzu.com/company/british-high-commission-nairobi,Confidential,Permanent
Regional Sales Manager,https://www.fuzu.com/jobs/regional-sales-manager-medisel-kenya-limited,Medisel Kenya Limited ,https://www.fuzu.com/company/medisel-kenya-limited,Confidential,Permanent
Highway Engineer,https://www.fuzu.com/jobs/highway-engineer-tertiary-consulting-engineers,Tertiary Consulting Engineers,https://www.fuzu.com/company/tertiary-consulting-engineers,Confidential,Permanent
Water and Sanitation Engineer,https://www.fuzu.com/jobs/water-and-sanitation-engineer-tertiary-consulting-engineers,Tertiary Consulting Engineers,https://www.fuzu.com/company/tertiary-consulting-engineers,Confidential,Permanent
Research Associate II-Remote Sensing,https://www.fuzu.com/jobs/research-associate-ii-remote-sensing-international-livestock-research-institute-ilri-be5677be-0462-48bd-82b6-8be55d140849,International Livestock Research Institute (ILRI) ,https://www.fuzu.com/company/international-livestock-research-institute-ilri-be5677be-0462-48bd-82b6-8be55d140849,Confidential,Permanent
Research Officer I-Bioinformatics,https://www.fuzu.com/jobs/research-officer-i-bioinformatics-international-livestock-research-institute-ilri-be5677be-0462-48bd-82b6-8be55d140849,International Livestock Research Institute (ILRI) ,https://www.fuzu.com/company/international-livestock-research-institute-ilri-be5677be-0462-48bd-82b6-8be55d140849,Confidential,Permanent
"Assistant Development Coordination Officer, Programme Communications and Advocacy",https://www.fuzu.com/jobs/assistant-development-coordination-officer-programme-communications-and-advocacy-undp,UNDP,https://www.fuzu.com/company/undp,Confidential,Permanent
Principal Officer - Syndications,https://www.fuzu.com/jobs/principal-officer-syndications-trade-development-bank,Trade & Development Bank,https://www.fuzu.com/company/trade-development-bank,Confidential,Permanent
General Surgery Resident trainees,https://www.fuzu.com/jobs/general-surgery-resident-trainees-county-government-of-kiambu,County Government of Kiambu,https://www.fuzu.com/company/county-government-of-kiambu,Confidential,Permanent
Manager.Global Sales Strategy - (1900008D),https://www.fuzu.com/jobs/manager-global-sales-strategy-1900008d-kenya-airways,Kenya Airways,https://www.fuzu.com/company/kenya-airways,Confidential,Permanent
Sales Representatives,https://www.fuzu.com/jobs/sales-representatives-skills-geographic-kenya-sgk,Skills Geographic Kenya (SGK),https://www.fuzu.com/company/skills-geographic-kenya-sgk,Confidential,Permanent
Chief Administration Officer,https://www.fuzu.com/jobs/chief-administration-officer-mp-shah-hospital,MP SHAH HOSPITAL,https://www.fuzu.com/company/mp-shah-hospital,Confidential,Permanent
Research Associate I-Technical Assistance,https://www.fuzu.com/jobs/research-associate-i-technical-assistance-international-livestock-research-institute-ilri-be5677be-0462-48bd-82b6-8be55d140849,International Livestock Research Institute (ILRI) ,https://www.fuzu.com/company/international-livestock-research-institute-ilri-be5677be-0462-48bd-82b6-8be55d140849,Confidential,Permanent
Research Associate II-Laboratory Technician,https://www.fuzu.com/jobs/research-associate-ii-laboratory-technician-international-livestock-research-institute-ilri-be5677be-0462-48bd-82b6-8be55d140849,International Livestock Research Institute (ILRI) ,https://www.fuzu.com/company/international-livestock-research-institute-ilri-be5677be-0462-48bd-82b6-8be55d140849,Confidential,Permanent
ASSET FINANCE OFFICER,https://www.fuzu.com/jobs/asset-finance-officer-watu-credit-limited,Watu Credit Limited,https://www.fuzu.com/company/watu-credit-limited,"KSh25,000 - KSh30,000",Permanent
Bio-Medical technologist,https://www.fuzu.com/jobs/bio-medical-technologist-the-nairobi-hospital,The Nairobi Hospital,https://www.fuzu.com/company/the-nairobi-hospital,Confidential,Permanent
Critical Care Nurses,https://www.fuzu.com/jobs/critical-care-nurses-the-nairobi-hospital,The Nairobi Hospital,https://www.fuzu.com/company/the-nairobi-hospital,Confidential,Permanent
Peri- Operative(theatre) Nurse,https://www.fuzu.com/jobs/peri-operative-theatre-nurse-the-nairobi-hospital,The Nairobi Hospital,https://www.fuzu.com/company/the-nairobi-hospital,Confidential,Permanent
Enrollment Manager - Marketing,https://www.fuzu.com/jobs/enrollment-manager-marketing-kca-university,KCA University,https://www.fuzu.com/company/kca-university,Confidential,Permanent
Sales And Marketing Officer (Sacco Society),https://www.fuzu.com/jobs/sales-and-marketing-officer-sacco-society-skills-geographic-kenya-sgk,Skills Geographic Kenya (SGK),https://www.fuzu.com/company/skills-geographic-kenya-sgk,Confidential,Permanent
Freelance Academic Writers,https://www.fuzu.com/jobs/freelance-academic-writers-skills-geographic-kenya-sgk,Skills Geographic Kenya (SGK),https://www.fuzu.com/company/skills-geographic-kenya-sgk,Confidential,Permanent
Maintenance Supervisor,https://www.fuzu.com/jobs/maintenance-supervisor-skills-geographic-kenya-sgk-68842ec5,Skills Geographic Kenya (SGK),https://www.fuzu.com/company/skills-geographic-kenya-sgk,Confidential,Permanent
Clerk Of Works - Civil,https://www.fuzu.com/jobs/clerk-of-works-civil-sanergy-limited-kenya,Sanergy Limited Kenya,https://www.fuzu.com/company/sanergy-limited-kenya,Confidential,Permanent
Transport Planner,https://www.fuzu.com/jobs/transport-planner-diageo,Diageo,https://www.fuzu.com/company/diageo,Confidential,Permanent
Capital Markets and Financial Inclusion Officer,https://www.fuzu.com/jobs/capital-markets-and-financial-inclusion-officer-habitat-for-humanity-kenya,Habitat for Humanity,https://www.fuzu.com/company/habitat-for-humanity-kenya,Confidential,Permanent
Security Officer,https://www.fuzu.com/jobs/security-officer-kenya-wine-agencies-ltd-0179932d,Kenya Wine Agencies Ltd.,https://www.fuzu.com/company/kenya-wine-agencies-ltd,Confidential,Permanent
Machine Operator- Winery,https://www.fuzu.com/jobs/machine-operator-winery-kenya-wine-agencies-ltd,Kenya Wine Agencies Ltd.,https://www.fuzu.com/company/kenya-wine-agencies-ltd,Confidential,Permanent
Projects Manager,https://www.fuzu.com/jobs/projects-manager-first-community-bank-99764f23-48ea-4dc5-bf25-783d851ed8c1,First Community Bank,https://www.fuzu.com/company/first-community-bank-99764f23-48ea-4dc5-bf25-783d851ed8c1,Confidential,Permanent
Loan Recovery Officer,https://www.fuzu.com/jobs/loan-recovery-officer-joinas-sacco-society-limited,Joinas Sacco Society Limited,https://www.fuzu.com/company/joinas-sacco-society-limited,Confidential,Permanent
Primary School Teachers,https://www.fuzu.com/jobs/primary-school-teachers-mt-olives-adventist-school-ngong,Mt. Olives Adventist School - Ngong,https://www.fuzu.com/company/mt-olives-adventist-school-ngong,Confidential,Permanent
Cooks,https://www.fuzu.com/jobs/cooks-mt-olives-adventist-school-ngong,Mt. Olives Adventist School - Ngong,https://www.fuzu.com/company/mt-olives-adventist-school-ngong,Confidential,Permanent
Drivers,https://www.fuzu.com/jobs/drivers-mt-olives-adventist-school-ngong,Mt. Olives Adventist School - Ngong,https://www.fuzu.com/company/mt-olives-adventist-school-ngong,Confidential,Permanent
Branch Manager - Job Ref. MN 7931,https://www.fuzu.com/jobs/branch-manager-job-ref-mn-7931-manpower-services-group,Manpower Services Group ,https://www.fuzu.com/company/manpower-services-group,Confidential,Permanent
Chief Executive Officer - Job Ref. MN 7934,https://www.fuzu.com/jobs/chief-executive-officer-job-ref-mn-7934-manpower-services-group,Manpower Services Group ,https://www.fuzu.com/company/manpower-services-group,Confidential,Permanent
CAR TRACK SALES & MARKETING MANAGER,https://www.fuzu.com/jobs/car-track-sales-marketing-manager-ngao-credit-limited,Ngao Credit Limited,https://www.fuzu.com/company/ngao-credit-limited,Confidential,Permanent
Digital Marketing and Communications Lead,https://www.fuzu.com/jobs/digital-marketing-and-communications-lead-triggerise-kenya-limited,Triggerise Kenya Limited,https://www.fuzu.com/company/triggerise-kenya-limited,Confidential,Permanent
Director ICT,https://www.fuzu.com/jobs/director-ict-county-government-of-taita-taveta,County Government of Taita Taveta,https://www.fuzu.com/company/county-government-of-taita-taveta,Confidential,Permanent
Director Budget & Economic Planning,https://www.fuzu.com/jobs/director-budget-economic-planning-county-government-of-taita-taveta,County Government of Taita Taveta,https://www.fuzu.com/company/county-government-of-taita-taveta,Confidential,Permanent
Director Internal Audit,https://www.fuzu.com/jobs/director-internal-audit-county-government-of-taita-taveta-b31058b9,County Government of Taita Taveta,https://www.fuzu.com/company/county-government-of-taita-taveta,Confidential,Permanent
Director Revenue Management,https://www.fuzu.com/jobs/director-revenue-management-county-government-of-migori,County Government of Migori,https://www.fuzu.com/company/county-government-of-migori,Confidential,Permanent
Business Development Manager - Custom Solutions,https://www.fuzu.com/jobs/business-development-manager-custom-solutions-strathmore-university,Strathmore University,https://www.fuzu.com/company/strathmore-university,Confidential,Permanent
Municipal Manager,https://www.fuzu.com/jobs/municipal-manager-county-government-of-taita-taveta-436ec654,County Government of Taita Taveta,https://www.fuzu.com/company/county-government-of-taita-taveta,Confidential,Permanent
Training and Development Manager,https://www.fuzu.com/jobs/training-and-development-manager-novo-nordisk,Novo Nordisk,https://www.fuzu.com/company/novo-nordisk,Confidential,Permanent
Regional Assistant,https://www.fuzu.com/jobs/regional-assistant-inter-agency-working-group,Inter Agency Working Group,https://www.fuzu.com/company/inter-agency-working-group,Confidential,Permanent
Clerk Of Works,https://www.fuzu.com/jobs/clerk-of-works-nft-consult,NFT Consult,https://www.fuzu.com/company/nft-consult,Confidential,Permanent
Technical Project Manager,https://www.fuzu.com/jobs/technical-project-manager-nft-consult,NFT Consult,https://www.fuzu.com/company/nft-consult,Confidential,Permanent
Hazard Analysis and Critical Control Points (HACCP) Consultant - Product Quality & Safety,https://www.fuzu.com/jobs/hazard-analysis-and-critical-control-points-haccp-consultant-product-quality-safety-nft-consult,NFT Consult,https://www.fuzu.com/company/nft-consult,Confidential,Temporary
Cashier,https://www.fuzu.com/jobs/cashier-ruaraka-uhai-neema-hospital,Ruaraka Uhai Neema Hospital,https://www.fuzu.com/company/ruaraka-uhai-neema-hospital,Confidential,Permanent
QSSK-LTK-HOF Head of Finance Operations,https://www.fuzu.com/jobs/qssk-ltk-hof-head-of-finance-operations-q-sourcing-limited,Q-sourcing Limited,https://www.fuzu.com/company/q-sourcing-limited,Confidential,Permanent
KMPL Project Associate,https://www.fuzu.com/jobs/kmpl-project-associate-kenya-medical-association,Kenya Medical Association,https://www.fuzu.com/company/kenya-medical-association,Confidential,Permanent
Director General,https://www.fuzu.com/jobs/director-general-kenya-vision-2030-da665d9f,Kenya Vision 2030 ,https://www.fuzu.com/company/kenya-vision-2030,Confidential,Permanent
Swimming Instructor & Lifeguard (School),https://www.fuzu.com/jobs/swimming-instructor-lifeguard-school-wisen-group,Wisen Group,https://www.fuzu.com/company/wisen-group,Confidential,Permanent
Relationship Manager Corporate & Private Banking,https://www.fuzu.com/jobs/relationship-manager-corporate-private-banking-national-bank,National Bank,https://www.fuzu.com/company/national-bank,Confidential,Permanent
"Head of Communications (The Girl Generation, Phase 2)",https://www.fuzu.com/jobs/head-of-communications-the-girl-generation-phase-2-options-consultancy-services,Options Consultancy Services,https://www.fuzu.com/company/options-consultancy-services,Confidential,Fixed term
"Senior Operational and Safeguarding Manager (The Girl Generation, Phase 2)",https://www.fuzu.com/jobs/senior-operational-and-safeguarding-manager-the-girl-generation-phase-2-options-consultancy-services,Options Consultancy Services,https://www.fuzu.com/company/options-consultancy-services,Confidential,Fixed term
Grants Manager,https://www.fuzu.com/jobs/grants-manager-options-consultancy-services,Options Consultancy Services,https://www.fuzu.com/company/options-consultancy-services,Confidential,Permanent
Safeguarding Officer,https://www.fuzu.com/jobs/safeguarding-officer-options-consultancy-services,Options Consultancy Services,https://www.fuzu.com/company/options-consultancy-services,Confidential,Permanent
Grants Lead,https://www.fuzu.com/jobs/grants-lead-options-consultancy-services,Options Consultancy Services,https://www.fuzu.com/company/options-consultancy-services,Confidential,Permanent
Finance Officer,https://www.fuzu.com/jobs/finance-officer-international-commission-of-jurists-icj-kenya,International Commission of Jurists (ICJ Kenya),https://www.fuzu.com/company/international-commission-of-jurists-icj-kenya,Confidential,Permanent
Record Management Intern,https://www.fuzu.com/jobs/record-management-intern-international-commission-of-jurists-icj-kenya,International Commission of Jurists (ICJ Kenya),https://www.fuzu.com/company/international-commission-of-jurists-icj-kenya,Confidential,Permanent
Senior Manager IT Applications & Asset Management,https://www.fuzu.com/jobs/senior-manager-it-applications-asset-management-kcb-group,KCB Group,https://www.fuzu.com/company/kcb-group,Confidential,Permanent
IT Asset Management Analyst,https://www.fuzu.com/jobs/it-asset-management-analyst-kcb-group,KCB Group,https://www.fuzu.com/company/kcb-group,Confidential,Permanent
Finance Officer,https://www.fuzu.com/jobs/finance-officer-kenya-institute-of-management-4cf7f932,Kenya Institute Of Management,https://www.fuzu.com/company/kenya-institute-of-management,Confidential,Permanent
Procurement & Supply Chain Learning Advisor and Business Development Officer,https://www.fuzu.com/jobs/procurement-supply-chain-learning-advisor-and-business-development-officer-the-networked-pros,The Networked Pros,https://www.fuzu.com/company/the-networked-pros,Confidential,Permanent
Claims Vetting Officer,https://www.fuzu.com/jobs/claims-vetting-officer-cic-group,CIC Group,https://www.fuzu.com/company/cic-group,Confidential,Temporary
"Capacity Development and Membership Engagement Manager (The Girl Generation, Phase 2)",https://www.fuzu.com/jobs/capacity-development-and-membership-engagement-manager-the-girl-generation-phase-2-options-consultancy-services,Options Consultancy Services,https://www.fuzu.com/company/options-consultancy-services,Confidential,Fixed term
Social Safeguard Expert,https://www.fuzu.com/jobs/social-safeguard-expert-state-department-of-devolution-and-the-asals,State Department of Devolution and The ASALS,https://www.fuzu.com/company/state-department-of-devolution-and-the-asals,Confidential,Permanent
Gender Lead,https://www.fuzu.com/jobs/gender-lead-options-consultancy-services,Options Consultancy Services,https://www.fuzu.com/company/options-consultancy-services,Confidential,Permanent
Head Of Technical Services: MIWASCO/HTS/01/10/2019,https://www.fuzu.com/jobs/head-of-technical-services-miwasco-hts-01-10-2019-county-government-of-migori,County Government of Migori,https://www.fuzu.com/company/county-government-of-migori,Confidential,Permanent
Head Of Finance And Commercial Services: MIWASCO/HFCS/02/10/2019,https://www.fuzu.com/jobs/head-of-finance-and-commercial-services-miwasco-hfcs-02-10-2019-county-government-of-migori,County Government of Migori,https://www.fuzu.com/company/county-government-of-migori,Confidential,Permanent
Head Of Human Resources & Administration: MIWASCO/HRA/03/10/2019,https://www.fuzu.com/jobs/head-of-human-resources-administration-miwasco-hra-03-10-2019-county-government-of-migori,County Government of Migori,https://www.fuzu.com/company/county-government-of-migori,Confidential,Fixed term
Internal Auditor: MIWASCO/IA/04/10/2019,https://www.fuzu.com/jobs/internal-auditor-miwasco-ia-04-10-2019-county-government-of-migori,County Government of Migori,https://www.fuzu.com/company/county-government-of-migori,Confidential,Fixed term
Procurement Officer: MIWASCO/PO/05/10/2019,https://www.fuzu.com/jobs/procurement-officer-miwasco-po-05-10-2019-county-government-of-migori,County Government of Migori,https://www.fuzu.com/company/county-government-of-migori,Confidential,Fixed term
Cooks (Hot Kitchen),https://www.fuzu.com/jobs/cooks-hot-kitchen-peaks-hotel-nanyuki,Peaks Hotel Nanyuki,https://www.fuzu.com/company/peaks-hotel-nanyuki,Confidential,Permanent
Kitchen Stewards,https://www.fuzu.com/jobs/kitchen-stewards-peaks-hotel-nanyuki,Peaks Hotel Nanyuki,https://www.fuzu.com/company/peaks-hotel-nanyuki,Confidential,Permanent
Intern - Graphic Designer,https://www.fuzu.com/jobs/intern-graphic-designer-e254-group,E254 Group,https://www.fuzu.com/company/e254-group,Confidential,Permanent
Intern - Front Office Reception And Administration,https://www.fuzu.com/jobs/intern-front-office-reception-and-administration-e254-group,E254 Group,https://www.fuzu.com/company/e254-group,Confidential,Permanent
Intern - Sales & Marketing,https://www.fuzu.com/jobs/intern-sales-marketing-e254-group,E254 Group,https://www.fuzu.com/company/e254-group,Confidential,Permanent
Intern - Screen Printing,https://www.fuzu.com/jobs/intern-screen-printing-e254-group,E254 Group,https://www.fuzu.com/company/e254-group,Confidential,Permanent
Senior Branch Accountant,https://www.fuzu.com/jobs/senior-branch-accountant-white-labelled-employer,White Labelled Employer,https://www.fuzu.com/company/white-labelled-employer,Confidential,Permanent
Layouter/Technical Sales,https://www.fuzu.com/jobs/layouter-technical-sales-khs-ea-ltd,KHS East Africa Ltd,https://www.fuzu.com/company/khs-ea-ltd,Confidential,Permanent
Sous Chef,https://www.fuzu.com/jobs/sous-chef-fairmont-the-norfolk-hotel,Fairmont The Norfolk Hotel,https://www.fuzu.com/company/fairmont-the-norfolk-hotel,Confidential,Permanent
Commis Chef,https://www.fuzu.com/jobs/commis-chef-fairmont-the-norfolk-hotel,Fairmont The Norfolk Hotel,https://www.fuzu.com/company/fairmont-the-norfolk-hotel,Confidential,Permanent
Sales Manager - Nakuru,https://www.fuzu.com/jobs/sales-manager-nakuru-acacia-innovations-ltd-e605d88f,Acacia Innovations Ltd,https://www.fuzu.com/company/acacia-innovations-ltd,Confidential,Permanent
Accountant,https://www.fuzu.com/jobs/accountant-summit-recruitment-search-2e81cdcb,Summit Recruitment & Search,https://www.fuzu.com/company/summit-recruitment-search,Confidential,Permanent
Project Activator and Enumerator-Kisii Region,https://www.fuzu.com/jobs/project-activator-and-enumerator-kisii-region-burn-manufacturing,BURN Manufacturing,https://www.fuzu.com/company/burn-manufacturing,Confidential,Fixed term
Project Activator and Enumerator- Nyeri Region,https://www.fuzu.com/jobs/project-activator-and-enumerator-nyeri-region-burn-manufacturing,BURN Manufacturing,https://www.fuzu.com/company/burn-manufacturing,Confidential,Fixed term
Project Activator and Enumerator- HomaBay Region,https://www.fuzu.com/jobs/project-activator-and-enumerator-homabay-region-burn-manufacturing,BURN Manufacturing,https://www.fuzu.com/company/burn-manufacturing,Confidential,Fixed term
Project Activator and Enumerator- Nakuru Region,https://www.fuzu.com/jobs/project-activator-and-enumerator-nakuru-region-burn-manufacturing,BURN Manufacturing,https://www.fuzu.com/company/burn-manufacturing,Confidential,Fixed term
Project Activator and Enumerator- Meru Region,https://www.fuzu.com/jobs/project-activator-and-enumerator-meru-region-burn-manufacturing,BURN Manufacturing,https://www.fuzu.com/company/burn-manufacturing,Confidential,Fixed term
Project Activator and Enumerator- Eldoret Region,https://www.fuzu.com/jobs/project-activator-and-enumerator-eldoret-region-burn-manufacturing,BURN Manufacturing,https://www.fuzu.com/company/burn-manufacturing,Confidential,Fixed term
Project Activator and Enumerator- Kericho Region,https://www.fuzu.com/jobs/project-activator-and-enumerator-kericho-region-burn-manufacturing-dbc2613a,BURN Manufacturing,https://www.fuzu.com/company/burn-manufacturing,Confidential,Fixed term
Medical Device Field Sales Representative - Nairobi,https://www.fuzu.com/jobs/medical-device-field-sales-representative-nairobi-ilara-health-ece5e4b0,Ilara Health,https://www.fuzu.com/company/ilara-health,Confidential,Permanent
Personal Assistant,https://www.fuzu.com/jobs/personal-assistant-reeds-africa-consult,Reeds Africa Consult,https://www.fuzu.com/company/reeds-africa-consult,Confidential,Permanent
Solutions Business Consultant EA,https://www.fuzu.com/jobs/solutions-business-consultant-ea-canon,Canon,https://www.fuzu.com/company/canon,Confidential,Permanent
Regional Sales Manager,https://www.fuzu.com/jobs/regional-sales-manager-bic-4e401eca,BIC,https://www.fuzu.com/company/bic,Confidential,Permanent
Senior Technical Advisor,https://www.fuzu.com/jobs/senior-technical-advisor-management-sciences-for-health-d2865ea8,Management Sciences for Health,https://www.fuzu.com/company/management-sciences-for-health,Confidential,Permanent
Product Manager - Sub Saharan Africa-1915464,https://www.fuzu.com/jobs/product-manager-sub-saharan-africa-1915464-boehringer-ingelheim,Boehringer Ingelheim,https://www.fuzu.com/company/boehringer-ingelheim,Confidential,Permanent
National Sales Account Manager,https://www.fuzu.com/jobs/national-sales-account-manager-safaricom,SAFARICOM,https://www.fuzu.com/company/safaricom,Confidential,Permanent
Software Engineer,https://www.fuzu.com/jobs/software-engineer-safaricom-2c06f0dd,SAFARICOM,https://www.fuzu.com/company/safaricom,Confidential,Permanent
Database Administrator,https://www.fuzu.com/jobs/database-administrator-safaricom-18404349,SAFARICOM,https://www.fuzu.com/company/safaricom,Confidential,Permanent
Sales Account Relationship Manager,https://www.fuzu.com/jobs/sales-account-relationship-manager-safaricom,SAFARICOM,https://www.fuzu.com/company/safaricom,Confidential,Permanent
Corporate Security Manager,https://www.fuzu.com/jobs/corporate-security-manager-british-american-tobacco,British American Tobacco,https://www.fuzu.com/company/british-american-tobacco,Confidential,Permanent
Marketing Security Manager,https://www.fuzu.com/jobs/marketing-security-manager-british-american-tobacco,British American Tobacco,https://www.fuzu.com/company/british-american-tobacco,Confidential,Permanent
Government Affairs Manager - New Categories,https://www.fuzu.com/jobs/government-affairs-manager-new-categories-british-american-tobacco,British American Tobacco,https://www.fuzu.com/company/british-american-tobacco,Confidential,Permanent
Process Operator,https://www.fuzu.com/jobs/process-operator-british-american-tobacco,British American Tobacco,https://www.fuzu.com/company/british-american-tobacco,Confidential,Permanent
Assistant Legal Counsel,https://www.fuzu.com/jobs/assistant-legal-counsel-british-american-tobacco-da2746cd,British American Tobacco,https://www.fuzu.com/company/british-american-tobacco,Confidential,Permanent
"HR Business Partner, Indian Ocean Islands & Tanzania",https://www.fuzu.com/jobs/hr-business-partner-indian-ocean-islands-tanzania-british-american-tobacco,British American Tobacco,https://www.fuzu.com/company/british-american-tobacco,Confidential,Permanent
Legal Counsel: Litigation & Regulatory Counselling,https://www.fuzu.com/jobs/legal-counsel-litigation-regulatory-counselling-british-american-tobacco,British American Tobacco,https://www.fuzu.com/company/british-american-tobacco,Confidential,Permanent
Leaf Security Manager,https://www.fuzu.com/jobs/leaf-security-manager-british-american-tobacco,British American Tobacco,https://www.fuzu.com/company/british-american-tobacco,Confidential,Permanent
Global Graduate Trainee Operations,https://www.fuzu.com/jobs/global-graduate-trainee-operations-british-american-tobacco-aadeb3a0,British American Tobacco,https://www.fuzu.com/company/british-american-tobacco,Confidential,Permanent
Associate Director - FP/RMNCH,https://www.fuzu.com/jobs/associate-director-fp-rmnch-fhi-360,Fhi 360,https://www.fuzu.com/company/fhi-360,Confidential,Permanent
Plant Operator,https://www.fuzu.com/jobs/plant-operator-wartsila-east-africa-ltd-61076541,Wartsila East Africa Ltd.,https://www.fuzu.com/company/wartsila-east-africa-ltd,Confidential,Permanent
"Startups Development Manager Internship in Nairobi, Kenya",https://www.fuzu.com/jobs/startups-development-manager-internship-in-nairobi-kenya-microsoft,Interns4Afrika,https://www.fuzu.com/company/microsoft,Confidential,Temporary
Software Engineer Position,https://www.fuzu.com/jobs/software-engineer-position-career-directions-ltd,Career Directions Ltd,https://www.fuzu.com/company/career-directions-ltd,Confidential,Permanent
Sales Manager – Motorcycle,https://www.fuzu.com/jobs/sales-manager-motorcycle-summit-recruitment-search,Summit Recruitment & Search,https://www.fuzu.com/company/summit-recruitment-search,Confidential,Permanent
Social Media Manager/ Marketer,https://www.fuzu.com/jobs/social-media-manager-marketer-safe-drive-tours-and-travel-ltd-b170e145,Safe Drive Tours and Travel Ltd,https://www.fuzu.com/company/safe-drive-tours-and-travel-ltd,"from KSh15,000",Permanent
Construction Equipment Sales Executive,https://www.fuzu.com/jobs/construction-equipment-sales-executive-recours-four-kenya-consultants-limited,Recours Four Kenya Consultants Limited,https://www.fuzu.com/company/recours-four-kenya-consultants-limited,Confidential,Permanent
Security Solution Sales Manager,https://www.fuzu.com/jobs/security-solution-sales-manager-recours-four-kenya-consultants-limited,Recours Four Kenya Consultants Limited,https://www.fuzu.com/company/recours-four-kenya-consultants-limited,Confidential,Permanent
Retail Supervisor in Nakuru,https://www.fuzu.com/jobs/retail-supervisor-in-nakuru-bbox-limited,BBOX LIMITED,https://www.fuzu.com/company/bbox-limited,Confidential,Permanent
Retail Supervisor in Nanyuki,https://www.fuzu.com/jobs/retail-supervisor-in-nanyuki-bbox-limited,BBOX LIMITED,https://www.fuzu.com/company/bbox-limited,Confidential,Permanent
Shop Manager in Nakuru,https://www.fuzu.com/jobs/shop-manager-in-nakuru-bbox-limited,BBOX LIMITED,https://www.fuzu.com/company/bbox-limited,Confidential,Permanent
Brand Ambassador,https://www.fuzu.com/jobs/brand-ambassador-infinity-gym-and-spa,Infinity Gym and Spa,https://www.fuzu.com/company/infinity-gym-and-spa,"KSh25,000 - KSh30,000",Permanent
Shop Manager in Nanyuki,https://www.fuzu.com/jobs/shop-manager-in-nanyuki-bbox-limited,BBOX LIMITED,https://www.fuzu.com/company/bbox-limited,Confidential,Permanent
Barista,https://www.fuzu.com/jobs/barista-infinity-gym-and-spa,Infinity Gym and Spa,https://www.fuzu.com/company/infinity-gym-and-spa,Confidential,Permanent
Waiter,https://www.fuzu.com/jobs/waiter-infinity-gym-and-spa,Infinity Gym and Spa,https://www.fuzu.com/company/infinity-gym-and-spa,Confidential,Permanent
Cosmetics Sales Executive.,https://www.fuzu.com/jobs/cosmetics-sales-executive-summit-recruitment-search,Summit Recruitment & Search,https://www.fuzu.com/company/summit-recruitment-search,Confidential,Permanent
Chef,https://www.fuzu.com/jobs/chef-infinity-gym-and-spa,Infinity Gym and Spa,https://www.fuzu.com/company/infinity-gym-and-spa,Confidential,Permanent
Porter,https://www.fuzu.com/jobs/porter-infinity-gym-and-spa,Infinity Gym and Spa,https://www.fuzu.com/company/infinity-gym-and-spa,Confidential,Permanent
Cleaner,https://www.fuzu.com/jobs/cleaner-infinity-gym-and-spa,Infinity Gym and Spa,https://www.fuzu.com/company/infinity-gym-and-spa,Confidential,Permanent
Cashier,https://www.fuzu.com/jobs/cashier-infinity-gym-and-spa,Infinity Gym and Spa,https://www.fuzu.com/company/infinity-gym-and-spa,Confidential,Permanent
Accountant,https://www.fuzu.com/jobs/accountant-infinity-gym-and-spa,Infinity Gym and Spa,https://www.fuzu.com/company/infinity-gym-and-spa,Confidential,Permanent
Front Office,https://www.fuzu.com/jobs/front-office-infinity-gym-and-spa,Infinity Gym and Spa,https://www.fuzu.com/company/infinity-gym-and-spa,Confidential,Permanent
Programme Assistant Southern Africa and Indian Ocean Region,https://www.fuzu.com/jobs/programme-assistant-southern-africa-and-indian-ocean-region-european-community-humanitarian-office-echo,European Community Humanitarian Office (ECHO),https://www.fuzu.com/company/european-community-humanitarian-office-echo,Confidential,Permanent
"Senior Associate, Technical Assistance and Enterprise Development",https://www.fuzu.com/jobs/senior-associate-technical-assistance-and-enterprise-development-global-alliance-for-improved-nutrition-gain,Global Alliance for Improved Nutrition (GAIN),https://www.fuzu.com/company/global-alliance-for-improved-nutrition-gain,Confidential,Permanent
Sales Representative,https://www.fuzu.com/jobs/sales-representative-coninx-industries-ltd,Coninx Industries Ltd,https://www.fuzu.com/company/coninx-industries-ltd,Confidential,Permanent
Research Clerks,https://www.fuzu.com/jobs/research-clerks-cytonn-investment,Cytonn,https://www.fuzu.com/company/cytonn-investment,Confidential,Temporary
Systems Administrator,https://www.fuzu.com/jobs/systems-administrator-central-depository-and-settlement-corporation-limited,Central Depository and Settlement Corporation Limited,https://www.fuzu.com/company/central-depository-and-settlement-corporation-limited,Confidential,Temporary
Systems Administrator,https://www.fuzu.com/jobs/systems-administrator-central-depository-and-settlement-corporation-limited-5d263572,Central Depository and Settlement Corporation Limited,https://www.fuzu.com/company/central-depository-and-settlement-corporation-limited,Confidential,Permanent
Integration Specialist,https://www.fuzu.com/jobs/integration-specialist-abc-bank,CBA Bank,https://www.fuzu.com/company/abc-bank,Confidential,Permanent
Application Developer,https://www.fuzu.com/jobs/application-developer-abc-bank,CBA Bank,https://www.fuzu.com/company/abc-bank,Confidential,Permanent
Graphic Designer,https://www.fuzu.com/jobs/graphic-designer-bbc-cf3ae29a,BBC,https://www.fuzu.com/company/bbc,Confidential,Permanent
Plant Operator,https://www.fuzu.com/jobs/plant-operator-wartsila-east-africa-ltd-ba452a43,Wartsila East Africa Ltd.,https://www.fuzu.com/company/wartsila-east-africa-ltd,Confidential,Permanent
Specialized Officer / Regional Biometrics Focal Point / Regional CT Node for East Africa,https://www.fuzu.com/jobs/specialized-officer-regional-biometrics-focal-point-regional-ct-node-for-east-africa-interpol-kenya,Interpol Kenya,https://www.fuzu.com/company/interpol-kenya,Confidential,Permanent
"Specialized Officer – CBRNE, Regional Counter-Terrorism Node (RCTN) for East Africa",https://www.fuzu.com/jobs/specialized-officer-cbrne-regional-counter-terrorism-node-rctn-for-east-africa-interpol-kenya,Interpol Kenya,https://www.fuzu.com/company/interpol-kenya,Confidential,Permanent
Branch Administrator,https://www.fuzu.com/jobs/branch-administrator-tuskys-tusker-mattresses-limited,Tuskys (Tusker mattresses Limited),https://www.fuzu.com/company/tuskys-tusker-mattresses-limited,Confidential,Permanent
Category Manager – General Merchandise,https://www.fuzu.com/jobs/category-manager-general-merchandise-tuskys-tusker-mattresses-limited,Tuskys (Tusker mattresses Limited),https://www.fuzu.com/company/tuskys-tusker-mattresses-limited,Confidential,Permanent
Executive Assistant,https://www.fuzu.com/jobs/executive-assistant-plan-international-d11af5ac,Plan International,https://www.fuzu.com/company/plan-international,Confidential,Permanent
Category Manager - Fast Moving Consumer Goods - FMCG,https://www.fuzu.com/jobs/category-manager-fast-moving-consumer-goods-fmcg-tuskys-tusker-mattresses-limited,Tuskys (Tusker mattresses Limited),https://www.fuzu.com/company/tuskys-tusker-mattresses-limited,Confidential,Permanent
Retail Regional Manager,https://www.fuzu.com/jobs/retail-regional-manager-tuskys-tusker-mattresses-limited,Tuskys (Tusker mattresses Limited),https://www.fuzu.com/company/tuskys-tusker-mattresses-limited,Confidential,Permanent
"Project Accountant, SCOPE",https://www.fuzu.com/jobs/project-accountant-scope-world-relief-international,World Relief International,https://www.fuzu.com/company/world-relief-international,Confidential,Permanent
Transport Assistant,https://www.fuzu.com/jobs/transport-assistant-tuskys-tusker-mattresses-limited,Tuskys (Tusker mattresses Limited),https://www.fuzu.com/company/tuskys-tusker-mattresses-limited,Confidential,Permanent
Warehouse Coordinator,https://www.fuzu.com/jobs/warehouse-coordinator-tuskys-tusker-mattresses-limited,Tuskys (Tusker mattresses Limited),https://www.fuzu.com/company/tuskys-tusker-mattresses-limited,Confidential,Permanent
"Monitoring and Evaluation (M&E) Officer, SCOPE",https://www.fuzu.com/jobs/monitoring-and-evaluation-m-e-officer-scope-world-relief-international,World Relief International,https://www.fuzu.com/company/world-relief-international,Confidential,Permanent
Business Manager Mavazi,https://www.fuzu.com/jobs/business-manager-mavazi-tuskys-tusker-mattresses-limited,Tuskys (Tusker mattresses Limited),https://www.fuzu.com/company/tuskys-tusker-mattresses-limited,Confidential,Permanent
"Project Manager (PM), SCOPE",https://www.fuzu.com/jobs/project-manager-pm-scope-world-relief-international,World Relief International,https://www.fuzu.com/company/world-relief-international,Confidential,Permanent
"Head of Health, Nutrition and Social Services",https://www.fuzu.com/jobs/head-of-health-nutrition-and-social-services-kenya-redcross-b649f2b0,Kenya Redcross,https://www.fuzu.com/company/kenya-redcross,Confidential,Permanent
Head of Supply Chain,https://www.fuzu.com/jobs/head-of-supply-chain-kenya-redcross-e9f4c4e6,Kenya Redcross,https://www.fuzu.com/company/kenya-redcross,Confidential,Permanent
Procurement Officer,https://www.fuzu.com/jobs/procurement-officer-kenya-redcross-cd144ffa,Kenya Redcross,https://www.fuzu.com/company/kenya-redcross,Confidential,Permanent
Agribusiness and Inputs Advisor-East and Southern Africa,https://www.fuzu.com/jobs/agribusiness-and-inputs-advisor-east-and-southern-africa-international-fertilizer-development-center,International Fertilizer Development Center,https://www.fuzu.com/company/international-fertilizer-development-center,Confidential,Permanent
Investigator,https://www.fuzu.com/jobs/investigator-international-rescue-committee-dc2a5908,International Rescue Committee,https://www.fuzu.com/company/international-rescue-committee,Confidential,Permanent
Regional Spirits and RTC Development Manager,https://www.fuzu.com/jobs/regional-spirits-and-rtc-development-manager-diageo-2edce038,Diageo,https://www.fuzu.com/company/diageo,Confidential,Permanent
"Programme Management Assistant, G5",https://www.fuzu.com/jobs/programme-management-assistant-g5-united-nations-0ffd2589,United Nations,https://www.fuzu.com/company/united-nations,Confidential,Permanent
Front Desk Agent - (in English),https://www.fuzu.com/jobs/front-desk-agent-in-english-villa-rosa-kempinski-ke-da7528ab,Villa Rosa Kempinski (KE),https://www.fuzu.com/company/villa-rosa-kempinski-ke,Confidential,Permanent
Guest Service Center Agent – (in English),https://www.fuzu.com/jobs/guest-service-center-agent-in-english-villa-rosa-kempinski-ke,Villa Rosa Kempinski (KE),https://www.fuzu.com/company/villa-rosa-kempinski-ke,Confidential,Permanent
Bartender – (in English),https://www.fuzu.com/jobs/bartender-in-english-villa-rosa-kempinski-ke,Villa Rosa Kempinski (KE),https://www.fuzu.com/company/villa-rosa-kempinski-ke,Confidential,Permanent
Fleet Dispatcher,https://www.fuzu.com/jobs/fleet-dispatcher-career-directions-ltd,Career Directions Ltd,https://www.fuzu.com/company/career-directions-ltd,Confidential,Permanent
CEO Role,https://www.fuzu.com/jobs/ceo-role-career-directions-ltd,Career Directions Ltd,https://www.fuzu.com/company/career-directions-ltd,Confidential,Permanent
Deputy Vice Chancellor for Academic and Student Affairs,https://www.fuzu.com/jobs/deputy-vice-chancellor-for-academic-and-student-affairs-united-states-international-university-africa,United States International University - Africa,https://www.fuzu.com/company/united-states-international-university-africa,Confidential,Permanent
Onsite Merchandiser,https://www.fuzu.com/jobs/onsite-merchandiser-jumia-kenya,JUMIA KENYA,https://www.fuzu.com/company/jumia-kenya,Confidential,Permanent
Head of Food,https://www.fuzu.com/jobs/head-of-food-safeboda-f9e3e2db,SafeBoda,https://www.fuzu.com/company/safeboda,Confidential,Permanent
Growth Manager,https://www.fuzu.com/jobs/growth-manager-safeboda-4b46461b,SafeBoda,https://www.fuzu.com/company/safeboda,Confidential,Permanent
Category Growth Manager,https://www.fuzu.com/jobs/category-growth-manager-safeboda,SafeBoda,https://www.fuzu.com/company/safeboda,Confidential,Permanent
Director Finance And Accounts,https://www.fuzu.com/jobs/director-finance-and-accounts-county-government-of-kiambu,County Government of Kiambu,https://www.fuzu.com/company/county-government-of-kiambu,Confidential,Permanent
Principal Communication And Public Affairs Officer,https://www.fuzu.com/jobs/principal-communication-and-public-affairs-officer-county-government-of-kiambu,County Government of Kiambu,https://www.fuzu.com/company/county-government-of-kiambu,Confidential,Permanent
Fiscal Analyst III,https://www.fuzu.com/jobs/fiscal-analyst-iii-county-government-of-kiambu,County Government of Kiambu,https://www.fuzu.com/company/county-government-of-kiambu,Confidential,Permanent
Sales and Marketing Executive,https://www.fuzu.com/jobs/sales-and-marketing-executive-uchumi-quick-suppliers-ltd,Uchumi Quick Suppliers Ltd,https://www.fuzu.com/company/uchumi-quick-suppliers-ltd,Confidential,Permanent
Procurement Officer III,https://www.fuzu.com/jobs/procurement-officer-iii-county-government-of-kiambu,County Government of Kiambu,https://www.fuzu.com/company/county-government-of-kiambu,Confidential,Permanent
Corporate Sales Executive,https://www.fuzu.com/jobs/corporate-sales-executive-kava-b9617a91,KAVA AFRICA,https://www.fuzu.com/company/kava,Confidential,Permanent
Software Developer,https://www.fuzu.com/jobs/software-developer-kava-2fe0b20f,KAVA AFRICA,https://www.fuzu.com/company/kava,Confidential,Permanent
"Assistant Manager, Sewerage and Environment",https://www.fuzu.com/jobs/assistant-manager-sewerage-and-environment-export-processing-authority,Export Processing Zone Authority,https://www.fuzu.com/company/export-processing-authority,Confidential,Permanent
Human Resource Officer,https://www.fuzu.com/jobs/human-resource-officer-export-processing-authority,Export Processing Zone Authority,https://www.fuzu.com/company/export-processing-authority,Confidential,Permanent
Secretary/C.E.O Huduma Kenya,https://www.fuzu.com/jobs/secretary-c-e-o-huduma-kenya-ministry-of-public-service-youth-and-gender-affairs,"Ministry of public service, youth and gender affairs",https://www.fuzu.com/company/ministry-of-public-service-youth-and-gender-affairs,Confidential,Permanent
Digital Account Manager,https://www.fuzu.com/jobs/digital-account-manager-tdf-group-ltd-df3d557a,TDF Group Ltd,https://www.fuzu.com/company/tdf-group-ltd,Confidential,Permanent
Social Media Community Manager,https://www.fuzu.com/jobs/social-media-community-manager-tdf-group-ltd-4e61211a,TDF Group Ltd,https://www.fuzu.com/company/tdf-group-ltd,Confidential,Permanent
Assistant Office Administrator,https://www.fuzu.com/jobs/assistant-office-administrator-konza-technopolis,Konza Technopolis,https://www.fuzu.com/company/konza-technopolis,Confidential,Permanent
Sales and Marketing Executive (In the education Sector),https://www.fuzu.com/jobs/sales-and-marketing-executive-in-the-education-sector-iiht-indian-institute-of-hardware-technologies-5a5da37d,"IIHT( iihtnairobi.com) Indian Institute of Hardware Technologies, in Patnership with IPSCOD Technologies (ipscodtechnologies.com) ",https://www.fuzu.com/company/iiht-indian-institute-of-hardware-technologies,Confidential,Permanent
Research Intern,https://www.fuzu.com/jobs/research-intern-kenya-medical-research-institute-15346483,Kenya Medical Research Institute,https://www.fuzu.com/company/kenya-medical-research-institute,Confidential,Permanent
Hub manager East Africa | Kenya,https://www.fuzu.com/jobs/hub-manager-east-africa-kenya-akvo-foundation,AKVO Foundation,https://www.fuzu.com/company/akvo-foundation,Confidential,Permanent
Office Assistant,https://www.fuzu.com/jobs/office-assistant-konza-technopolis-b2d8bec6,Konza Technopolis,https://www.fuzu.com/company/konza-technopolis,Confidential,Permanent
Assistant Office Administrator,https://www.fuzu.com/jobs/assistant-office-administrator-konza-technopolis-0f522c53,Konza Technopolis,https://www.fuzu.com/company/konza-technopolis,Confidential,Permanent
Assistant Property Management Officer,https://www.fuzu.com/jobs/assistant-property-management-officer-konza-technopolis-4bb7b8f4,Konza Technopolis,https://www.fuzu.com/company/konza-technopolis,Confidential,Permanent
Senior Assistant Supply Chain Management Officer,https://www.fuzu.com/jobs/senior-assistant-supply-chain-management-officer-konza-technopolis-8907851b,Konza Technopolis,https://www.fuzu.com/company/konza-technopolis,Confidential,Permanent
Office Administrator,https://www.fuzu.com/jobs/office-administrator-konza-technopolis-efccc9ac,Konza Technopolis,https://www.fuzu.com/company/konza-technopolis,Confidential,Permanent
Accountant,https://www.fuzu.com/jobs/accountant-konza-technopolis-bf62ef72,Konza Technopolis,https://www.fuzu.com/company/konza-technopolis,Confidential,Permanent
Investor Facilitation & One Stop Shop Officer,https://www.fuzu.com/jobs/investor-facilitation-one-stop-shop-officer-konza-technopolis-576107fe,Konza Technopolis,https://www.fuzu.com/company/konza-technopolis,Confidential,Permanent
Internal Auditor,https://www.fuzu.com/jobs/internal-auditor-konza-technopolis-5e440675,Konza Technopolis,https://www.fuzu.com/company/konza-technopolis,Confidential,Permanent
"Manager, ICT & Smart City Solutions",https://www.fuzu.com/jobs/manager-ict-smart-city-solutions-konza-technopolis-4d9f0fec,Konza Technopolis,https://www.fuzu.com/company/konza-technopolis,Confidential,Permanent
"Manager, Marketing & Corporate Communications",https://www.fuzu.com/jobs/manager-marketing-corporate-communications-konza-technopolis-f08c7300,Konza Technopolis,https://www.fuzu.com/company/konza-technopolis,Confidential,Permanent
"Manager, Economic Development, Partnerships & Resource Mobilization",https://www.fuzu.com/jobs/manager-economic-development-partnerships-resource-mobilization-konza-technopolis-c4b40614,Konza Technopolis,https://www.fuzu.com/company/konza-technopolis,Confidential,Permanent
SKILLS2GROW CAREER-START ACCELERATOR (INCLUDING JOB PLACEMENT IN B2B SALES),https://www.fuzu.com/jobs/skills2grow-career-start-accelerator-including-job-placement-in-b2b-sales-yusudi,Yusudi,https://www.fuzu.com/company/yusudi,"KSh8,000 - KSh10,000",Temporary
UK-Kenya Tech Hub Operations Manager,https://www.fuzu.com/jobs/uk-kenya-tech-hub-operations-manager-british-high-commission-nairobi,British High Commission Nairobi,https://www.fuzu.com/company/british-high-commission-nairobi,Confidential,Fixed term
"Intern - ICT Participatory-Habitat Initiative for Latin America Countries, I",https://www.fuzu.com/jobs/intern-ict-participatory-habitat-initiative-for-latin-america-countries-i-united-nations-56912d2c,United Nations,https://www.fuzu.com/company/united-nations,Confidential,Permanent
B2B Customer Support Officer,https://www.fuzu.com/jobs/b2b-customer-support-officer-british-council,British Council,https://www.fuzu.com/company/british-council,Confidential,Permanent
CMR and Logistics Officer,https://www.fuzu.com/jobs/cmr-and-logistics-officer-british-council,British Council,https://www.fuzu.com/company/british-council,Confidential,Permanent
Test Day Delivery Coordinator,https://www.fuzu.com/jobs/test-day-delivery-coordinator-british-council,British Council,https://www.fuzu.com/company/british-council,Confidential,Permanent
Internal Auditor,https://www.fuzu.com/jobs/internal-auditor-kca-university-2a6625c0,KCA University,https://www.fuzu.com/company/kca-university,Confidential,Permanent
Cash Grants & Finance Assistant,https://www.fuzu.com/jobs/cash-grants-finance-assistant-danish-refugee-council,Danish Refugee Council,https://www.fuzu.com/company/danish-refugee-council,Confidential,Permanent
High School Mathematics Teachers (3 months Maternity Cover),https://www.fuzu.com/jobs/high-school-mathematics-teachers-3-months-maternity-cover-nova-academies,Nova Academies,https://www.fuzu.com/company/nova-academies,Confidential,Permanent
Apprentice High School Business Studies Teachers (0 - 2 years experience),https://www.fuzu.com/jobs/apprentice-high-school-business-studies-teachers-0-2-years-experience-nova-academies,Nova Academies,https://www.fuzu.com/company/nova-academies,Confidential,Permanent
Apprentice High School Biology Teachers (0 - 2 years experience),https://www.fuzu.com/jobs/apprentice-high-school-biology-teachers-0-2-years-experience-nova-academies,Nova Academies,https://www.fuzu.com/company/nova-academies,Confidential,Permanent
Sales Manager,https://www.fuzu.com/jobs/sales-manager-hospitality-k-consult-ltd,Hospitality (K) Consult Ltd,https://www.fuzu.com/company/hospitality-k-consult-ltd,Confidential,Permanent
Business Unit Sr Supervisor Surgical innovation,https://www.fuzu.com/jobs/business-unit-sr-supervisor-surgical-innovation-medtronic,Medtronic,https://www.fuzu.com/company/medtronic,Confidential,Permanent
M-pesa Attendants,https://www.fuzu.com/jobs/m-pesa-attendants-brites-management-services-limited-45c4b9e6,Brites Management Services Limited,https://www.fuzu.com/company/brites-management-services-limited,Confidential,Permanent
Food and Beverage Controller,https://www.fuzu.com/jobs/food-and-beverage-controller-brites-management-services-limited,Brites Management Services Limited,https://www.fuzu.com/company/brites-management-services-limited,Confidential,Permanent
Sales Representatives (FMCG),https://www.fuzu.com/jobs/sales-representatives-fmcg-brites-management-services-limited-04b5cb33,Brites Management Services Limited,https://www.fuzu.com/company/brites-management-services-limited,Confidential,Permanent
Sales Representatives - Alcoholic Beverages,https://www.fuzu.com/jobs/sales-representatives-alcoholic-beverages-brites-management-services-limited-f82e7f0b,Brites Management Services Limited,https://www.fuzu.com/company/brites-management-services-limited,Confidential,Permanent
Clinical Officer,https://www.fuzu.com/jobs/clinical-officer-bliss-gvs-health-care-b7c59c29,Bliss GVS Health Care,https://www.fuzu.com/company/bliss-gvs-health-care,Confidential,Permanent
Senior Project Coordinator,https://www.fuzu.com/jobs/senior-project-coordinator-danish-refugee-council-a6f4d845,Danish Refugee Council,https://www.fuzu.com/company/danish-refugee-council,Confidential,Permanent
Trade Sales Representative,https://www.fuzu.com/jobs/trade-sales-representative-unga-group-limited-29ed5a24-f3e9-48a0-81d3-d7e9f73600da,Unga Holdings Limited,https://www.fuzu.com/company/unga-group-limited-29ed5a24-f3e9-48a0-81d3-d7e9f73600da,Confidential,Permanent
Technical Sales Representative,https://www.fuzu.com/jobs/technical-sales-representative-unga-group-limited-29ed5a24-f3e9-48a0-81d3-d7e9f73600da,Unga Holdings Limited,https://www.fuzu.com/company/unga-group-limited-29ed5a24-f3e9-48a0-81d3-d7e9f73600da,Confidential,Permanent
"Regional Director, East Africa",https://www.fuzu.com/jobs/regional-director-east-africa-givedirectly-inc,"GiveDirectly, Inc",https://www.fuzu.com/company/givedirectly-inc,Confidential,Permanent
Distribution Supervisor,https://www.fuzu.com/jobs/distribution-supervisor-unga-group-limited-29ed5a24-f3e9-48a0-81d3-d7e9f73600da,Unga Holdings Limited,https://www.fuzu.com/company/unga-group-limited-29ed5a24-f3e9-48a0-81d3-d7e9f73600da,Confidential,Permanent
Rural Development Interns,https://www.fuzu.com/jobs/rural-development-interns-international-institute-of-rural-reconstruction,IIRR,https://www.fuzu.com/company/international-institute-of-rural-reconstruction,Confidential,Permanent
IIRR Kenya Country Director,https://www.fuzu.com/jobs/iirr-kenya-country-director-international-institute-of-rural-reconstruction,IIRR,https://www.fuzu.com/company/international-institute-of-rural-reconstruction,Confidential,Permanent
Agricultural Economist East & Southern Africa,https://www.fuzu.com/jobs/agricultural-economist-east-southern-africa-international-fertilizer-development-center,International Fertilizer Development Center,https://www.fuzu.com/company/international-fertilizer-development-center,Confidential,Permanent
Shift Electrical & Instrumentation Engineer,https://www.fuzu.com/jobs/shift-electrical-instrumentation-engineer-diageo,Diageo,https://www.fuzu.com/company/diageo,Confidential,Permanent
Maintenance Planner,https://www.fuzu.com/jobs/maintenance-planner-diageo-c84078c9,Diageo,https://www.fuzu.com/company/diageo,Confidential,Permanent
Machine Operators,https://www.fuzu.com/jobs/machine-operators-diageo,Diageo,https://www.fuzu.com/company/diageo,Confidential,Permanent
RTC Development Services Manager,https://www.fuzu.com/jobs/rtc-development-services-manager-diageo,Diageo,https://www.fuzu.com/company/diageo,Confidential,Permanent
Finance and Administration Manager,https://www.fuzu.com/jobs/finance-and-administration-manager-irex,IREX,https://www.fuzu.com/company/irex,Confidential,Permanent
"Monitoring, Evaluation, and Learning Advisor",https://www.fuzu.com/jobs/monitoring-evaluation-and-learning-advisor-irex,IREX,https://www.fuzu.com/company/irex,Confidential,Permanent
"Director, HCD Exchange",https://www.fuzu.com/jobs/director-hcd-exchange-john-snow-inc,"John Snow, Inc",https://www.fuzu.com/company/john-snow-inc,Confidential,Permanent
Supplier Relations,https://www.fuzu.com/jobs/supplier-relations-iqvia,IQVIA,https://www.fuzu.com/company/iqvia,Confidential,Permanent
Field Supervisor,https://www.fuzu.com/jobs/field-supervisor-iqvia,IQVIA,https://www.fuzu.com/company/iqvia,Confidential,Permanent
Programme Coordinator,https://www.fuzu.com/jobs/programme-coordinator-international-livestock-research-institute-ilri-be5677be-0462-48bd-82b6-8be55d140849-a628ce6a,International Livestock Research Institute (ILRI) ,https://www.fuzu.com/company/international-livestock-research-institute-ilri-be5677be-0462-48bd-82b6-8be55d140849,Confidential,Permanent
Software Developer,https://www.fuzu.com/jobs/software-developer-sunafric-software-group,Sunafric Software Group,https://www.fuzu.com/company/sunafric-software-group,Confidential,Permanent
Project Manager,https://www.fuzu.com/jobs/project-manager-sunafric-software-group,Sunafric Software Group,https://www.fuzu.com/company/sunafric-software-group,Confidential,Permanent
Head Of Business Development & Grants,https://www.fuzu.com/jobs/head-of-business-development-grants-feed-the-children,Feed The Children,https://www.fuzu.com/company/feed-the-children,Confidential,Permanent
Manager-Content Generation,https://www.fuzu.com/jobs/manager-content-generation-safaricom,SAFARICOM,https://www.fuzu.com/company/safaricom,Confidential,Permanent
Area Sales Manager,https://www.fuzu.com/jobs/area-sales-manager-regus-c190711a,Regus,https://www.fuzu.com/company/regus,Confidential,Permanent
High End Pharmacy & Surgery Consultation,https://www.fuzu.com/jobs/high-end-pharmacy-surgery-consultation-cci-kenya,CCI Kenya ,https://www.fuzu.com/company/cci-kenya,Confidential,Permanent
Account Manager,https://www.fuzu.com/jobs/account-manager-cci-kenya,CCI Kenya ,https://www.fuzu.com/company/cci-kenya,Confidential,Permanent
Accountant Payable,https://www.fuzu.com/jobs/accountant-payable-skills-geographic-kenya-sgk,Skills Geographic Kenya (SGK),https://www.fuzu.com/company/skills-geographic-kenya-sgk,Confidential,Permanent
Financial Accountant,https://www.fuzu.com/jobs/financial-accountant-skills-geographic-kenya-sgk,Skills Geographic Kenya (SGK),https://www.fuzu.com/company/skills-geographic-kenya-sgk,Confidential,Permanent
Senior Inspector,https://www.fuzu.com/jobs/senior-inspector-kenya-plant-health-inspectorate-service-kephis-2cb9dfa4,Kenya Plant Health Inspectorate Service (KEPHIS),https://www.fuzu.com/company/kenya-plant-health-inspectorate-service-kephis,Confidential,Permanent
Chief Laboratory Technologist,https://www.fuzu.com/jobs/chief-laboratory-technologist-kenya-plant-health-inspectorate-service-kephis-0c99101a,Kenya Plant Health Inspectorate Service (KEPHIS),https://www.fuzu.com/company/kenya-plant-health-inspectorate-service-kephis,Confidential,Permanent
Senior Laboratory Technologist,https://www.fuzu.com/jobs/senior-laboratory-technologist-kenya-plant-health-inspectorate-service-kephis-fdf73025,Kenya Plant Health Inspectorate Service (KEPHIS),https://www.fuzu.com/company/kenya-plant-health-inspectorate-service-kephis,Confidential,Permanent
Support Staff,https://www.fuzu.com/jobs/support-staff-kenya-plant-health-inspectorate-service-kephis-f4b08e09,Kenya Plant Health Inspectorate Service (KEPHIS),https://www.fuzu.com/company/kenya-plant-health-inspectorate-service-kephis,Confidential,Permanent
Drivers,https://www.fuzu.com/jobs/drivers-kenya-plant-health-inspectorate-service-kephis-4a6db6f9,Kenya Plant Health Inspectorate Service (KEPHIS),https://www.fuzu.com/company/kenya-plant-health-inspectorate-service-kephis,Confidential,Permanent
Accountant,https://www.fuzu.com/jobs/accountant-kenya-plant-health-inspectorate-service-kephis-8184683e,Kenya Plant Health Inspectorate Service (KEPHIS),https://www.fuzu.com/company/kenya-plant-health-inspectorate-service-kephis,Confidential,Permanent
Senior Office Administrator,https://www.fuzu.com/jobs/senior-office-administrator-kenya-plant-health-inspectorate-service-kephis-cb5e179c,Kenya Plant Health Inspectorate Service (KEPHIS),https://www.fuzu.com/company/kenya-plant-health-inspectorate-service-kephis,Confidential,Permanent
Office Administrator,https://www.fuzu.com/jobs/office-administrator-kenya-plant-health-inspectorate-service-kephis-0ef251f9,Kenya Plant Health Inspectorate Service (KEPHIS),https://www.fuzu.com/company/kenya-plant-health-inspectorate-service-kephis,Confidential,Permanent
Administrative Officer II,https://www.fuzu.com/jobs/administrative-officer-ii-kenya-plant-health-inspectorate-service-kephis-bfeb2f80,Kenya Plant Health Inspectorate Service (KEPHIS),https://www.fuzu.com/company/kenya-plant-health-inspectorate-service-kephis,Confidential,Permanent
Direct Sales Representative,https://www.fuzu.com/jobs/direct-sales-representative-daraja-microfinance-bank-kenya,Daraja Microfinance Bank Kenya,https://www.fuzu.com/company/daraja-microfinance-bank-kenya,Confidential,Permanent
Head of Enterprise Sales,https://www.fuzu.com/jobs/head-of-enterprise-sales-safeboda,SafeBoda,https://www.fuzu.com/company/safeboda,Confidential,Permanent
Team Leader Sales,https://www.fuzu.com/jobs/team-leader-sales-daraja-microfinance-bank-kenya,Daraja Microfinance Bank Kenya,https://www.fuzu.com/company/daraja-microfinance-bank-kenya,Confidential,Permanent
Relationship Officer,https://www.fuzu.com/jobs/relationship-officer-daraja-microfinance-bank-kenya,Daraja Microfinance Bank Kenya,https://www.fuzu.com/company/daraja-microfinance-bank-kenya,Confidential,Permanent
Internal Auditor,https://www.fuzu.com/jobs/internal-auditor-daraja-microfinance-bank-kenya,Daraja Microfinance Bank Kenya,https://www.fuzu.com/company/daraja-microfinance-bank-kenya,Confidential,Permanent
Credit Manager,https://www.fuzu.com/jobs/credit-manager-daraja-microfinance-bank-kenya,Daraja Microfinance Bank Kenya,https://www.fuzu.com/company/daraja-microfinance-bank-kenya,Confidential,Permanent
Internships,https://www.fuzu.com/jobs/internships-public-service-commision,Public Service Commision,https://www.fuzu.com/company/public-service-commision,Confidential,Temporary
Commissioner for Cooperative Development,https://www.fuzu.com/jobs/commissioner-for-cooperative-development-public-service-commision,Public Service Commision,https://www.fuzu.com/company/public-service-commision,Confidential,Permanent
Vice Chancellor,https://www.fuzu.com/jobs/vice-chancellor-public-service-commision,Public Service Commision,https://www.fuzu.com/company/public-service-commision,Confidential,Permanent
Deputy Vice Chancellor,https://www.fuzu.com/jobs/deputy-vice-chancellor-public-service-commision,Public Service Commision,https://www.fuzu.com/company/public-service-commision,Confidential,Permanent
